"latin","common","common_name","scientific_name"
"fish unident.","fish unident.","fish_unident.","fish_unident."
"Petromyzontidae","lamprey unident.","lamprey_unident.","Petromyzontidae"
"Entosphenus tridentata","Pacific lamprey","Pacific_lamprey","Entosphenus_tridentata"
"Myxinidae","hagfish unident.","hagfish_unident.","Myxinidae"
"Eptatretus","","","Eptatretus"
"Eptatretus deani","black hagfish","black_hagfish","Eptatretus_deani"
"Eptatretus stoutii","Pacific hagfish","Pacific_hagfish","Eptatretus_stoutii"
"Selachii sharks","shark unident.","shark_unident.","Selachii_sharks"
"Chondrichthyes","cartilaginous fish unident.","cartilaginous_fish_unident.","Chondrichthyes"
"Alopias vulpinus","common thresher shark","common_thresher_shark","Alopias_vulpinus"
"Scyliorhinidae","cat shark unident.","cat_shark_unident.","Scyliorhinidae"
"Apristurus brunneus","brown cat shark","brown_cat_shark","Apristurus_brunneus"
"Parmaturus xaniurus","filetail cat shark","filetail_cat_shark","Parmaturus_xaniurus"
"Apristurus kampae","longnose cat shark","longnose_cat_shark","Apristurus_kampae"
"Apristurus","demon cat sharks","demon_cat_sharks","Apristurus"
"Cephaloscyllium ventriosum","swell shark","swell_shark","Cephaloscyllium_ventriosum"
"Hexanchus griseus","bluntnose sixgill shark","bluntnose_sixgill_shark","Hexanchus_griseus"
"Lamna ditropis","salmon shark","salmon_shark","Lamna_ditropis"
"Cetorhinus maximus","basking shark","basking_shark","Cetorhinus_maximus"
"Squatina californica","Pacific angel shark","Pacific_angel_shark","Squatina_californica"
"Squalus suckleyi","Pacific spiny dogfish","Pacific_spiny_dogfish","Squalus_suckleyi"
"Centroscyllium nigrum","combtooth dogfish","combtooth_dogfish","Centroscyllium_nigrum"
"Somniosus pacificus","Pacific sleeper shark","Pacific_sleeper_shark","Somniosus_pacificus"
"Galeorhinus galeus","soupfin shark","soupfin_shark","Galeorhinus_galeus"
"Mustelus","","","Mustelus"
"Mustelus henlei","brown smoothhound","brown_smoothhound","Mustelus_henlei"
"Mustelus californicus","gray smoothhound","gray_smoothhound","Mustelus_californicus"
"Prionace glauca","blue shark","blue_shark","Prionace_glauca"
"Triakis semifasciata","leopard shark","leopard_shark","Triakis_semifasciata"
"Rajidae","skate unident.","skate_unident.","Rajidae"
"Raja","","","Raja"
"Bathyraja","","","Bathyraja"
"Bathyraja spinosissima","white skate","white_skate","Bathyraja_spinosissima"
"Bathyraja abyssicola","deepsea skate","deepsea_skate","Bathyraja_abyssicola"
"Raja binoculata","big skate","big_skate","Raja_binoculata"
"Raja inornata","California skate","California_skate","Raja_inornata"
"Bathyraja kincaidii","sandpaper skate","sandpaper_skate","Bathyraja_kincaidii"
"Raja rhina","longnose skate","longnose_skate","Raja_rhina"
"Amblyraja badia","roughshoulder skate","roughshoulder_skate","Amblyraja_badia"
"Raja stellulata","starry skate","starry_skate","Raja_stellulata"
"Bathyraja taranetzi","mud skate","mud_skate","Bathyraja_taranetzi"
"Bathyraja trachura","roughtail skate","roughtail_skate","Bathyraja_trachura"
"Bathyraja parmifera","Alaska skate","Alaska_skate","Bathyraja_parmifera"
"Bathyraja aleutica","Aleutian skate","Aleutian_skate","Bathyraja_aleutica"
"Bathyraja lindbergi","commander skate","commander_skate","Bathyraja_lindbergi"
"Bathyraja maculata","whiteblotched skate","whiteblotched_skate","Bathyraja_maculata"
"Bathyraja minispinosa","whitebrow skate","whitebrow_skate","Bathyraja_minispinosa"
"Bathyraja smirnovi","golden skate","golden_skate","Bathyraja_smirnovi"
"Bathyraja violacea","Okhotsk skate","Okhotsk_skate","Bathyraja_violacea"
"Torpedo californica","Pacific electric ray","Pacific_electric_ray","Torpedo_californica"
"Hydrolagus colliei","spotted ratfish","spotted_ratfish","Hydrolagus_colliei"
"Pleuronectiformes","flatfish unident.","flatfish_unident.","Pleuronectiformes"
"Bothidae","lefteye flounder unident.","lefteye_flounder_unident.","Bothidae"
"Citharichthys","sanddab unident.","sanddab_unident.","Citharichthys"
"Citharichthys xanthostigma","longfin sanddab","longfin_sanddab","Citharichthys_xanthostigma"
"Citharichthys sordidus","Pacific sanddab","Pacific_sanddab","Citharichthys_sordidus"
"Citharichthys stigmaeus","speckled sanddab","speckled_sanddab","Citharichthys_stigmaeus"
"Hippoglossina stomata","bigmouth sole","bigmouth_sole","Hippoglossina_stomata"
"Paralichthys californicus","California halibut","California_halibut","Paralichthys_californicus"
"Xystreurys liolepis","fantail sole","fantail_sole","Xystreurys_liolepis"
"Pleuronectidae","righteye flounder unident.","righteye_flounder_unident.","Pleuronectidae"
"Atheresthes stomias","arrowtooth flounder","arrowtooth_flounder","Atheresthes_stomias"
"Atheresthes","","","Atheresthes"
"Atheresthes evermanni","Kamchatka flounder","Kamchatka_flounder","Atheresthes_evermanni"
"Reinhardtius hippoglossoides","Greenland turbot","Greenland_turbot","Reinhardtius_hippoglossoides"
"Hippoglossus stenolepis","Pacific halibut","Pacific_halibut","Hippoglossus_stenolepis"
"Inopsetta ischyra","hybrid sole","hybrid_sole","Inopsetta_ischyra"
"Hippoglossoides","","","Hippoglossoides"
"Hippoglossoides elassodon","flathead sole","flathead_sole","Hippoglossoides_elassodon"
"Hippoglossoides robustus","Bering flounder","Bering_flounder","Hippoglossoides_robustus"
"Hypsopsetta guttulata","diamond turbot","diamond_turbot","Hypsopsetta_guttulata"
"Lyopsetta exilis","slender sole","slender_sole","Lyopsetta_exilis"
"Liopsetta glacialis","Arctic flounder","Arctic_flounder","Liopsetta_glacialis"
"Eopsetta jordani","petrale sole","petrale_sole","Eopsetta_jordani"
"Parophrys vetulus","English sole","English_sole","Parophrys_vetulus"
"Embassichthys bathybius","deepsea sole","deepsea_sole","Embassichthys_bathybius"
"Glyptocephalus zachirus","rex sole","rex_sole","Glyptocephalus_zachirus"
"Limanda aspera","yellowfin sole","yellowfin_sole","Limanda_aspera"
"Limanda proboscidea","longhead dab","longhead_dab","Limanda_proboscidea"
"Limanda sakhalinensis","sakhalin sole","sakhalin_sole","Limanda_sakhalinensis"
"Platichthys stellatus","starry flounder","starry_flounder","Platichthys_stellatus"
"Clidoderma asperrimum","roughscale sole","roughscale_sole","Clidoderma_asperrimum"
"Psettichthys melanostictus","sand sole","sand_sole","Psettichthys_melanostictus"
"Lepidopsetta","rock sole unident.","rock_sole_unident.","Lepidopsetta"
"Lepidopsetta polyxystra","northern rock sole","northern_rock_sole","Lepidopsetta_polyxystra"
"Lepidopsetta bilineata","southern rock sole","southern_rock_sole","Lepidopsetta_bilineata"
"Isopsetta isolepis","butter sole","butter_sole","Isopsetta_isolepis"
"Pleuronichthys decurrens","curlfin sole","curlfin_sole","Pleuronichthys_decurrens"
"Pleuronichthys verticalis","hornyhead turbot","hornyhead_turbot","Pleuronichthys_verticalis"
"Pleuronectes quadrituberculatus","Alaska plaice","Alaska_plaice","Pleuronectes_quadrituberculatus"
"Pleuronichthys coenosus","C-O sole","C-O_sole","Pleuronichthys_coenosus"
"Pleuronichthys","","","Pleuronichthys"
"Pleuronichthys ritteri","spotted turbot","spotted_turbot","Pleuronichthys_ritteri"
"Symphurus atricauda","California tonguefish","California_tonguefish","Symphurus_atricauda"
"Agonidae","poacher unident.","poacher_unident.","Agonidae"
"Pallasina barbata","tubenose poacher","tubenose_poacher","Pallasina_barbata"
"Percis japonicus","dragon poacher","dragon_poacher","Percis_japonicus"
"Sarritor","","","Sarritor"
"Sarritor leptorhynchus","longnose poacher","longnose_poacher","Sarritor_leptorhynchus"
"Sarritor frenatus","sawback poacher","sawback_poacher","Sarritor_frenatus"
"Agonopsis vulsa","northern spearnose poacher","northern_spearnose_poacher","Agonopsis_vulsa"
"Odontopyxis trispinosa","pygmy poacher","pygmy_poacher","Odontopyxis_trispinosa"
"Xeneretmus latifrons","blacktip poacher","blacktip_poacher","Xeneretmus_latifrons"
"Xeneretmus triacanthus","bluespotted poacher","bluespotted_poacher","Xeneretmus_triacanthus"
"Xeneretmus leiops","smootheye poacher","smootheye_poacher","Xeneretmus_leiops"
"Xeneretmus","","","Xeneretmus"
"Bathyagonus","starsnout poacher unident.","starsnout_poacher_unident.","Bathyagonus"
"Bathyagonus alascanus","gray starsnout","gray_starsnout","Bathyagonus_alascanus"
"Bathyagonus infraspinatus","spinycheek starsnout","spinycheek_starsnout","Bathyagonus_infraspinatus"
"Bathyagonus pentacanthus","bigeye starsnout poacher","bigeye_starsnout_poacher","Bathyagonus_pentacanthus"
"Bathyagonus nigripinnis","blackfin poacher","blackfin_poacher","Bathyagonus_nigripinnis"
"Podothecus","","","Podothecus"
"Podothecus accipenserinus","sturgeon poacher","sturgeon_poacher","Podothecus_accipenserinus"
"Podothecus veternus","veteran poacher","veteran_poacher","Podothecus_veternus"
"Aspidophoroides bartoni","Aleutian alligatorfish","Aleutian_alligatorfish","Aspidophoroides_bartoni"
"Anoplagonus inermis","smooth alligatorfish","smooth_alligatorfish","Anoplagonus_inermis"
"Chesnonia verrucosa","warty poacher","warty_poacher","Chesnonia_verrucosa"
"Occella dodecaedron","Bering poacher","Bering_poacher","Occella_dodecaedron"
"Hypsagonus quadricornis","fourhorn poacher","fourhorn_poacher","Hypsagonus_quadricornis"
"Stellerina xyosterna","pricklebreast poacher","pricklebreast_poacher","Stellerina_xyosterna"
"Alepocephalidae","slickhead unident.","slickhead_unident.","Alepocephalidae"
"Alepocephalus","","","Alepocephalus"
"Alepocephalus tenebrosus","California slickhead","California_slickhead","Alepocephalus_tenebrosus"
"Bajacalifornia burragei","sharpchin slickhead","sharpchin_slickhead","Bajacalifornia_burragei"
"Bajacalifornia erimoensis","","","Bajacalifornia_erimoensis"
"Talismania bifurcata","threadfin slickhead","threadfin_slickhead","Talismania_bifurcata"
"Maulisia","","","Maulisia"
"Maulisia mauli","","","Maulisia_mauli"
"Ammodytes hexapterus","Pacific sand lance","Pacific_sand_lance","Ammodytes_hexapterus"
"Anarrhichthys ocellatus","wolf-eel","wolf-eel","Anarrhichthys_ocellatus"
"Anarhichas orientalis","Bering wolffish","Bering_wolffish","Anarhichas_orientalis"
"Anoplogaster cornuta","fangtooth","fangtooth","Anoplogaster_cornuta"
"Anoplopoma fimbria","sablefish","sablefish","Anoplopoma_fimbria"
"Aulorhynchus flavidus","tubesnout","tubesnout","Aulorhynchus_flavidus"
"Argentinidae","argentine unident.","argentine_unident.","Argentinidae"
"Nansenia candida","bluethroat argentine","bluethroat_argentine","Nansenia_candida"
"Argentina sialis","Pacific argentine","Pacific_argentine","Argentina_sialis"
"Atherinidae","old world silverside unident.","old_world_silverside_unident.","Atherinidae"
"Atherinops affinis","topsmelt","topsmelt","Atherinops_affinis"
"Engraulis mordax","northern anchovy","northern_anchovy","Engraulis_mordax"
"Bathylagidae","deepsea smelt unident.","deepsea_smelt_unident.","Bathylagidae"
"Bathylagus pacificus","Pacific blacksmelt","Pacific_blacksmelt","Bathylagus_pacificus"
"Bathylagus","blacksmelt unident.","blacksmelt_unident.","Bathylagus"
"Bathylagus milleri","robust blacksmelt","robust_blacksmelt","Bathylagus_milleri"
"Leuroglossus schmidti","northern smoothtongue","northern_smoothtongue","Leuroglossus_schmidti"
"Bathylagus ochotensis","popeye blacksmelt","popeye_blacksmelt","Bathylagus_ochotensis"
"Leuroglossus","","","Leuroglossus"
"Leuroglossus stilbius","California smoothtongue","California_smoothtongue","Leuroglossus_stilbius"
"Bathymasteridae","ronquil unident.","ronquil_unident.","Bathymasteridae"
"Ronquilus jordani","northern ronquil","northern_ronquil","Ronquilus_jordani"
"Bathymaster caeruleofasciatus","Alaskan ronquil","Alaskan_ronquil","Bathymaster_caeruleofasciatus"
"Bathymaster leurolepis","smallmouth ronquil","smallmouth_ronquil","Bathymaster_leurolepis"
"Bathymaster signatus","searcher","searcher","Bathymaster_signatus"
"Bathymaster derjugini","bluecheek ronquil","bluecheek_ronquil","Bathymaster_derjugini"
"Rathbunella hypoplecta","bluebanded ronquil","bluebanded_ronquil","Rathbunella_hypoplecta"
"Porichthys notatus","plainfin midshipman","plainfin_midshipman","Porichthys_notatus"
"Porichthys","","","Porichthys"
"Brama japonica","Pacific pomfret","Pacific_pomfret","Brama_japonica"
"Bathylaco nigricans","bonythroat","bonythroat","Bathylaco_nigricans"
"Ophidiidae","cusk-eel unident.","cusk-eel_unident.","Ophidiidae"
"Chilara taylori","spotted cusk-eel","spotted_cusk-eel","Chilara_taylori"
"Ophidion scrippsae","basketweave cusk-eel","basketweave_cusk-eel","Ophidion_scrippsae"
"Lamprogrammus niger","paperbone cusk-eel","paperbone_cusk-eel","Lamprogrammus_niger"
"Dicrolene","","","Dicrolene"
"Dicrolene filamentosa","threadfin cusk-eel","threadfin_cusk-eel","Dicrolene_filamentosa"
"Melanonus zugmayeri","arrowtail","arrowtail","Melanonus_zugmayeri"
"Cataetyx","","","Cataetyx"
"Cataetyx rubrirostris","rubynose brotula","rubynose_brotula","Cataetyx_rubrirostris"
"Brosmophycis marginata","red brotula","red_brotula","Brosmophycis_marginata"
"Trachurus symmetricus","jack mackerel","jack_mackerel","Trachurus_symmetricus"
"Ogcocephalioidei","","","Ogcocephalioidei"
"Melanocetus johnsonii","common blackdevil","common_blackdevil","Melanocetus_johnsonii"
"Ceratiidae","seadevil unident.","seadevil_unident.","Ceratiidae"
"Cryptopsaras couesii","triplewart seadevil","triplewart_seadevil","Cryptopsaras_couesii"
"Cetomimidae","flabby whalefish unident.","flabby_whalefish_unident.","Cetomimidae"
"Rondeletia loricata","armored redmouth whalefish","armored_redmouth_whalefish","Rondeletia_loricata"
"Chauliodontinae","viperfish unident.","viperfish_unident.","Chauliodontinae"
"Chauliodus macouni","Pacific viperfish","Pacific_viperfish","Chauliodus_macouni"
"Clupea pallasii","Pacific herring","Pacific_herring","Clupea_pallasii"
"Alosa sapidissima","American shad","American_shad","Alosa_sapidissima"
"Sardinops sagax","Pacific sardine","Pacific_sardine","Sardinops_sagax"
"Gigantactis","","","Gigantactis"
"Macrouridae","grenadier unident.","grenadier_unident.","Macrouridae"
"Nezumia stelgidolepis","California grenadier","California_grenadier","Nezumia_stelgidolepis"
"Nezumia liolepis","smooth grenadier","smooth_grenadier","Nezumia_liolepis"
"Caelorinchus scaphopsis","shoulderspot grenadier","shoulderspot_grenadier","Caelorinchus_scaphopsis"
"Coryphaenoides","","","Coryphaenoides"
"Coryphaenoides acrolepis","Pacific grenadier","Pacific_grenadier","Coryphaenoides_acrolepis"
"Albatrossia pectoralis","giant grenadier","giant_grenadier","Albatrossia_pectoralis"
"Coryphaenoides cinereus","popeye grenadier","popeye_grenadier","Coryphaenoides_cinereus"
"Coryphaenoides filifer","filamented grenadier","filamented_grenadier","Coryphaenoides_filifer"
"Coryphaenoides longifilis","longfin grenadier","longfin_grenadier","Coryphaenoides_longifilis"
"Malacocephalus laevis","softhead grenadier","softhead_grenadier","Malacocephalus_laevis"
"Cottidae","sculpin unident.","sculpin_unident.","Cottidae"
"Zesticelus profundorum","flabby sculpin","flabby_sculpin","Zesticelus_profundorum"
"Icelinus","","","Icelinus"
"Thyriscus anoplus","sponge sculpin","sponge_sculpin","Thyriscus_anoplus"
"Icelinus oculatus","frogmouth sculpin","frogmouth_sculpin","Icelinus_oculatus"
"Icelinus filamentosus","threadfin sculpin","threadfin_sculpin","Icelinus_filamentosus"
"Icelinus borealis","northern sculpin","northern_sculpin","Icelinus_borealis"
"Icelinus tenuis","spotfin sculpin","spotfin_sculpin","Icelinus_tenuis"
"Gymnocanthus","","","Gymnocanthus"
"Gymnocanthus pistilliger","","","Gymnocanthus_pistilliger"
"Gymnocanthus tricuspis","Arctic staghorn sculpin","Arctic_staghorn_sculpin","Gymnocanthus_tricuspis"
"Gymnocanthus galeatus","armorhead sculpin","armorhead_sculpin","Gymnocanthus_galeatus"
"Icelinus fimbriatus","fringed sculpin","fringed_sculpin","Icelinus_fimbriatus"
"Radulinus asprellus","slim sculpin","slim_sculpin","Radulinus_asprellus"
"Clinocottus acuticeps","sharpnose sculpin","sharpnose_sculpin","Clinocottus_acuticeps"
"Gymnocanthus detrisus","purplegray sculpin","purplegray_sculpin","Gymnocanthus_detrisus"
"Scorpaenichthys marmoratus","cabezon","cabezon","Scorpaenichthys_marmoratus"
"Artediellus","","","Artediellus"
"Artediellus miacanthus","bride sculpin","bride_sculpin","Artediellus_miacanthus"
"Artediellus scaber","hamecon","hamecon","Artediellus_scaber"
"Artediellus uncinatus","Arctic hookear sculpin","Arctic_hookear_sculpin","Artediellus_uncinatus"
"Artediellus gomojunovi","spinyhook sculpin","spinyhook_sculpin","Artediellus_gomojunovi"
"Bolinia euryptera","broadfin sculpin","broadfin_sculpin","Bolinia_euryptera"
"Thecopterus aleuticus","whitetail sculpin","whitetail_sculpin","Thecopterus_aleuticus"
"Malacocottus","","","Malacocottus"
"Malacocottus kincaidi","blackfin sculpin","blackfin_sculpin","Malacocottus_kincaidi"
"Malacocottus zonurus","darkfin sculpin","darkfin_sculpin","Malacocottus_zonurus"
"Hemilepidotus","Irish lord unident.","Irish_lord_unident.","Hemilepidotus"
"Hemilepidotus gilberti","banded Irish lord","banded_Irish_lord","Hemilepidotus_gilberti"
"Hemilepidotus spinosus","brown Irish lord","brown_Irish_lord","Hemilepidotus_spinosus"
"Hemilepidotus zapus","longfin Irish lord","longfin_Irish_lord","Hemilepidotus_zapus"
"Hemilepidotus hemilepidotus","red Irish lord","red_Irish_lord","Hemilepidotus_hemilepidotus"
"Hemilepidotus jordani","yellow Irish lord","yellow_Irish_lord","Hemilepidotus_jordani"
"Hemilepidotus papilio","butterfly sculpin","butterfly_sculpin","Hemilepidotus_papilio"
"Archistes plumarius","plumed sculpin","plumed_sculpin","Archistes_plumarius"
"Triglops","","","Triglops"
"Triglops forficata","scissortail sculpin","scissortail_sculpin","Triglops_forficata"
"Triglops scepticus","spectacled sculpin","spectacled_sculpin","Triglops_scepticus"
"Triglops pingelii","ribbed sculpin","ribbed_sculpin","Triglops_pingelii"
"Triglops macellus","roughspine sculpin","roughspine_sculpin","Triglops_macellus"
"Archistes biseriatus","scaled sculpin","scaled_sculpin","Archistes_biseriatus"
"Microcottus sellaris","brightbelly sculpin","brightbelly_sculpin","Microcottus_sellaris"
"Artedius lateralis","smoothhead sculpin","smoothhead_sculpin","Artedius_lateralis"
"Chitonotus pugetensis","roughback sculpin","roughback_sculpin","Chitonotus_pugetensis"
"Myoxocephalus verrucosus","warty sculpin","warty_sculpin","Myoxocephalus_verrucosus"
"Myoxocephalus niger","warthead sculpin","warthead_sculpin","Myoxocephalus_niger"
"Myoxocephalus polyacanthocephalus","great sculpin","great_sculpin","Myoxocephalus_polyacanthocephalus"
"Myoxocephalus jaok","plain sculpin","plain_sculpin","Myoxocephalus_jaok"
"Myoxocephalus stelleri","frog sculpin","frog_sculpin","Myoxocephalus_stelleri"
"Myoxocephalus","","","Myoxocephalus"
"Megalocottus platycephalus","belligerent sculpin","belligerent_sculpin","Megalocottus_platycephalus"
"Myoxocephalus quadricornis","fourhorn sculpin","fourhorn_sculpin","Myoxocephalus_quadricornis"
"Myoxocephalus scorpioides","Arctic sculpin","Arctic_sculpin","Myoxocephalus_scorpioides"
"Trichocottus brashnikovi","hairhead sculpin","hairhead_sculpin","Trichocottus_brashnikovi"
"Leptocottus armatus","Pacific staghorn sculpin","Pacific_staghorn_sculpin","Leptocottus_armatus"
"Gilbertidia sigalutes","soft sculpin","soft_sculpin","Gilbertidia_sigalutes"
"Enophrys","","","Enophrys"
"Enophrys bison","buffalo sculpin","buffalo_sculpin","Enophrys_bison"
"Enophrys lucasi","leister sculpin","leister_sculpin","Enophrys_lucasi"
"Enophrys diceraus","antlered sculpin","antlered_sculpin","Enophrys_diceraus"
"Enophrys taurina","bull sculpin","bull_sculpin","Enophrys_taurina"
"Dasycottus setiger","spinyhead sculpin","spinyhead_sculpin","Dasycottus_setiger"
"Psychrolutes","","","Psychrolutes"
"Psychrolutes paradoxus","tadpole sculpin","tadpole_sculpin","Psychrolutes_paradoxus"
"Psychrolutes phrictus","blob sculpin","blob_sculpin","Psychrolutes_phrictus"
"Blepsias bilobus","crested sculpin","crested_sculpin","Blepsias_bilobus"
"Blepsias cirrhosus","silverspotted sculpin","silverspotted_sculpin","Blepsias_cirrhosus"
"Nautichthys pribilovius","eyeshade sculpin","eyeshade_sculpin","Nautichthys_pribilovius"
"Nautichthys oculofasciatus","sailfin sculpin","sailfin_sculpin","Nautichthys_oculofasciatus"
"Nautichthys robustus","shortmast sculpin","shortmast_sculpin","Nautichthys_robustus"
"Rhamphocottus richardsoni","grunt sculpin","grunt_sculpin","Rhamphocottus_richardsoni"
"Hemitripterus bolini","bigmouth sculpin","bigmouth_sculpin","Hemitripterus_bolini"
"Eurymen gyrinus","smoothcheek sculpin","smoothcheek_sculpin","Eurymen_gyrinus"
"Triglops xenostethus","scalybreasted sculpin","scalybreasted_sculpin","Triglops_xenostethus"
"Icelinus burchami","dusky sculpin","dusky_sculpin","Icelinus_burchami"
"Icelus spiniger","thorny sculpin","thorny_sculpin","Icelus_spiniger"
"Icelus canaliculatus","blacknose sculpin","blacknose_sculpin","Icelus_canaliculatus"
"Icelus euryops","wide-eye sculpin","wide-eye_sculpin","Icelus_euryops"
"Icelus spatula","spatulate sculpin","spatulate_sculpin","Icelus_spatula"
"Icelus uncinalis","uncinate sculpin","uncinate_sculpin","Icelus_uncinalis"
"Rastrinus scutiger","roughskin sculpin","roughskin_sculpin","Rastrinus_scutiger"
"Jordania zonope","longfin sculpin","longfin_sculpin","Jordania_zonope"
"Icelus","","","Icelus"
"Paricelinus hopliticus","thornback sculpin","thornback_sculpin","Paricelinus_hopliticus"
"Paralabrax nebulifer","barred sand bass","barred_sand_bass","Paralabrax_nebulifer"
"Embiotocidae","surfperch unident.","surfperch_unident.","Embiotocidae"
"Amphistichus argenteus","barred surfperch","barred_surfperch","Amphistichus_argenteus"
"Amphistichus rhodoterus","redtail surfperch","redtail_surfperch","Amphistichus_rhodoterus"
"Hyperprosopon argenteum","walleye surfperch","walleye_surfperch","Hyperprosopon_argenteum"
"Embiotoca lateralis","striped surfperch","striped_surfperch","Embiotoca_lateralis"
"Cymatogaster aggregata","shiner perch","shiner_perch","Cymatogaster_aggregata"
"Hyperprosopon anale","spotfin surfperch","spotfin_surfperch","Hyperprosopon_anale"
"Rhacochilus vacca","pile perch","pile_perch","Rhacochilus_vacca"
"Zalembius rosaceus","pink seaperch","pink_seaperch","Zalembius_rosaceus"
"Trichodon trichodon","Pacific sandfish","Pacific_sandfish","Trichodon_trichodon"
"Chiasmodontidae","swallower unident.","swallower_unident.","Chiasmodontidae"
"Kali indica","shortnose swallower","shortnose_swallower","Kali_indica"
"Chiasmodon niger","black swallower","black_swallower","Chiasmodon_niger"
"Kali normani","needletooth swallower","needletooth_swallower","Kali_normani"
"Pseudoscopelus","","","Pseudoscopelus"
"Gadidae","cod unident.","cod_unident.","Gadidae"
"Microgadus proximus","Pacific tomcod","Pacific_tomcod","Microgadus_proximus"
"Gadus macrocephalus","Pacific cod","Pacific_cod","Gadus_macrocephalus"
"Boreogadus saida","Arctic cod","Arctic_cod","Boreogadus_saida"
"Moridae","codling unident.","codling_unident.","Moridae"
"Halargyreus johnsonii","slender codling","slender_codling","Halargyreus_johnsonii"
"Antimora microlepis","Pacific flatnose","Pacific_flatnose","Antimora_microlepis"
"Physiculus rastrelliger","hundred fathom codling","hundred_fathom_codling","Physiculus_rastrelliger"
"Laemonema longipes","longfin codling","longfin_codling","Laemonema_longipes"
"Eleginus gracilis","saffron cod","saffron_cod","Eleginus_gracilis"
"Gadus chalcogrammus","walleye pollock","walleye_pollock","Gadus_chalcogrammus"
"Gasterosteus aculeatus","threespine stickleback","threespine_stickleback","Gasterosteus_aculeatus"
"Pungitius pungitius","ninespine stickleback","ninespine_stickleback","Pungitius_pungitius"
"Syngnathidae","pipefish or seahorse unident.","pipefish_or_seahorse_unident.","Syngnathidae"
"Gobiidae","goby unident.","goby_unident.","Gobiidae"
"Gonostomatidae","bristlemouth unident.","bristlemouth_unident.","Gonostomatidae"
"Sigmops gracilis","slender fangjaw","slender_fangjaw","Sigmops_gracilis"
"Cyclothone","","","Cyclothone"
"Cyclothone atraria","black bristlemouth","black_bristlemouth","Cyclothone_atraria"
"Cyclothone pseudopallida","slender bristlemouth","slender_bristlemouth","Cyclothone_pseudopallida"
"Cyclothone signata","showy bristlemouth","showy_bristlemouth","Cyclothone_signata"
"Cyclothone acclinidens","benttooth bristlemouth","benttooth_bristlemouth","Cyclothone_acclinidens"
"Gonostoma","","","Gonostoma"
"Sternoptychidae","hatchetfish unident.","hatchetfish_unident.","Sternoptychidae"
"Argyropelecus","","","Argyropelecus"
"Argyropelecus lychnus","tropical hatchetfish","tropical_hatchetfish","Argyropelecus_lychnus"
"Benthalbella","","","Benthalbella"
"Argyropelecus affinis","slender hatchetfish","slender_hatchetfish","Argyropelecus_affinis"
"Sternoptyx diaphana","longspine hatchetfish","longspine_hatchetfish","Sternoptyx_diaphana"
"Sternoptyx","","","Sternoptyx"
"Stomias atriventer","blackbelly dragonfish","blackbelly_dragonfish","Stomias_atriventer"
"Stomiiformes","","","Stomiiformes"
"Stomiidae","barbled dragonfish unident.","barbled_dragonfish_unident.","Stomiidae"
"Pachystomias microdon","","","Pachystomias_microdon"
"Hexagrammidae","greenling unident.","greenling_unident.","Hexagrammidae"
"Ophiodon elongatus","lingcod","lingcod","Ophiodon_elongatus"
"Oxylebius pictus","painted greenling","painted_greenling","Oxylebius_pictus"
"Pleurogrammus monopterygius","Atka mackerel","Atka_mackerel","Pleurogrammus_monopterygius"
"Hexagrammos","","","Hexagrammos"
"Hexagrammos octogrammus","masked greenling","masked_greenling","Hexagrammos_octogrammus"
"Hexagrammos stelleri","whitespotted greenling","whitespotted_greenling","Hexagrammos_stelleri"
"Hexagrammos lagocephalus","rock greenling","rock_greenling","Hexagrammos_lagocephalus"
"Hexagrammos decagrammus","kelp greenling","kelp_greenling","Hexagrammos_decagrammus"
"Zaniolepis latipinnis","longspine combfish","longspine_combfish","Zaniolepis_latipinnis"
"Zaniolepis frenata","shortspine combfish","shortspine_combfish","Zaniolepis_frenata"
"Icosteus aenigmaticus","ragfish","ragfish","Icosteus_aenigmaticus"
"Idiacanthus antrostomus","Pacific blackdragon","Pacific_blackdragon","Idiacanthus_antrostomus"
"Medialuna californiensis","halfmoon","halfmoon","Medialuna_californiensis"
"Cyclopteridae","lumpfish unident.","lumpfish_unident.","Cyclopteridae"
"Cyclopterinae","lumpsucker unident.","lumpsucker_unident.","Cyclopterinae"
"Lethotremus","","","Lethotremus"
"Aptocyclus ventricosus","smooth lumpsucker","smooth_lumpsucker","Aptocyclus_ventricosus"
"Lethotremus muticus","docked snailfish","docked_snailfish","Lethotremus_muticus"
"Eumicrotremus birulai","round lumpsucker","round_lumpsucker","Eumicrotremus_birulai"
"Eumicrotremus orbis","Pacific spiny lumpsucker","Pacific_spiny_lumpsucker","Eumicrotremus_orbis"
"Eumicrotremus derjugini","leatherfin lumpsucker","leatherfin_lumpsucker","Eumicrotremus_derjugini"
"Eumicrotremus gyrinops","Alaskan lumpsucker","Alaskan_lumpsucker","Eumicrotremus_gyrinops"
"Eumicrotremus andriashevi","pimpled lumpsucker","pimpled_lumpsucker","Eumicrotremus_andriashevi"
"Eumicrotremus","spiny lumpsuckers","spiny_lumpsuckers","Eumicrotremus"
"Eumicrotremus barbatus","papillose lumpsucker","papillose_lumpsucker","Eumicrotremus_barbatus"
"Eumicrotremus phrynoides","toad lumpsucker","toad_lumpsucker","Eumicrotremus_phrynoides"
"Liparidae","snailfish unident.","snailfish_unident.","Liparidae"
"Liparis","","","Liparis"
"Liparis fucensis","slipskin snailfish","slipskin_snailfish","Liparis_fucensis"
"Liparis bristolense","Bristol snailfish","Bristol_snailfish","Liparis_bristolense"
"Liparis dennyi","marbled snailfish","marbled_snailfish","Liparis_dennyi"
"Liparis gibbus","variegated snailfish","variegated_snailfish","Liparis_gibbus"
"Crystallichthys cyclospilus","blotched snailfish","blotched_snailfish","Crystallichthys_cyclospilus"
"Liparis megacephalus","bighead snailfish","bighead_snailfish","Liparis_megacephalus"
"Liparis pulchellus","showy snailfish","showy_snailfish","Liparis_pulchellus"
"Liparis callyodon","spotted snailfish","spotted_snailfish","Liparis_callyodon"
"Liparis ochotensis","Okhotsk snailfish","Okhotsk_snailfish","Liparis_ochotensis"
"Liparis cyclopus","ribbon snailfish","ribbon_snailfish","Liparis_cyclopus"
"Liparis rutteri","ringtail snailfish","ringtail_snailfish","Liparis_rutteri"
"Elassodiscus","","","Elassodiscus"
"Elassodiscus caudatus","humpback snailfish","humpback_snailfish","Elassodiscus_caudatus"
"Elassodiscus tremebundus","blacklip snailfish","blacklip_snailfish","Elassodiscus_tremebundus"
"Allocareproctus jordani","Jordan's snailfish","Jordan's_snailfish","Allocareproctus_jordani"
"Careproctus","","","Careproctus"
"Careproctus melanurus","blacktail snailfish","blacktail_snailfish","Careproctus_melanurus"
"Careproctus bowersianus","large disk all red snailfish","large_disk_all_red_snailfish","Careproctus_bowersianus"
"Careproctus simis","long snouted pink snailfish","long_snouted_pink_snailfish","Careproctus_simis"
"Careproctus ectenes","shovelhead snailfish","shovelhead_snailfish","Careproctus_ectenes"
"Careproctus canus","gray snailfish","gray_snailfish","Careproctus_canus"
"Careproctus cypselurus","blackfin snailfish","blackfin_snailfish","Careproctus_cypselurus"
"Careproctus furcellus","emarginate snailfish","emarginate_snailfish","Careproctus_furcellus"
"Careproctus abbreviatus","short snailfish","short_snailfish","Careproctus_abbreviatus"
"Paraliparis ulochir","blackfaced red snailfish","blackfaced_red_snailfish","Paraliparis_ulochir"
"Careproctus scottae","peachskin snailfish","peachskin_snailfish","Careproctus_scottae"
"Careproctus gilberti","smalldisk snailfish","smalldisk_snailfish","Careproctus_gilberti"
"Careproctus colletti","Alaska snailfish","Alaska_snailfish","Careproctus_colletti"
"Careproctus rastrinus","salmon snailfish","salmon_snailfish","Careproctus_rastrinus"
"Careproctus ovigerum","abyssal snailfish","abyssal_snailfish","Careproctus_ovigerum"
"Liparis tunicatus","kelp snailfish","kelp_snailfish","Liparis_tunicatus"
"Careproctus zachirus","paintbrush snailfish","paintbrush_snailfish","Careproctus_zachirus"
"Careproctus candidus","bigeye snailfish","bigeye_snailfish","Careproctus_candidus"
"Paraliparis dactylosus","red snailfish","red_snailfish","Paraliparis_dactylosus"
"Paraliparis rosaceus","rosy snailfish","rosy_snailfish","Paraliparis_rosaceus"
"Paraliparis deani","prickly snailfish","prickly_snailfish","Paraliparis_deani"
"Paraliparis cephalus","swellhead snailfish","swellhead_snailfish","Paraliparis_cephalus"
"Careproctus sp. G (Orr)","big mouth and disk red snailfish","big_mouth_and_disk_red_snailfish","Careproctus_sp._G_(Orr)"
"Careproctus oregonensis","Oregon snailfish","Oregon_snailfish","Careproctus_oregonensis"
"Careproctus microstomus","smallmouth snailfish","smallmouth_snailfish","Careproctus_microstomus"
"Paraliparis pectoralis","broadfin snailfish","broadfin_snailfish","Paraliparis_pectoralis"
"Paraliparis","","","Paraliparis"
"Careproctus ostentum","microdisk snailfish","microdisk_snailfish","Careproctus_ostentum"
"Paraliparis paucidens","toothless snailfish","toothless_snailfish","Paraliparis_paucidens"
"Lipariscus nanus","pygmy snailfish","pygmy_snailfish","Lipariscus_nanus"
"Paraliparis dipterus","splitfin snailfish","splitfin_snailfish","Paraliparis_dipterus"
"Nectoliparis pelagicus","tadpole snailfish","tadpole_snailfish","Nectoliparis_pelagicus"
"Rhinoliparis","","","Rhinoliparis"
"Rhinoliparis barbulifer","longnose snailfish","longnose_snailfish","Rhinoliparis_barbulifer"
"Rhinoliparis attenuatus","slim snailfish","slim_snailfish","Rhinoliparis_attenuatus"
"Prognatholiparis ptychomandibularis","wrinkle-jaw snailfish","wrinkle-jaw_snailfish","Prognatholiparis_ptychomandibularis"
"Liparidae n. gen. (Orr)","hardhead snailfish","hardhead_snailfish","Liparidae_n._gen._(Orr)"
"Acantholiparis opercularis","spiny snailfish","spiny_snailfish","Acantholiparis_opercularis"
"Melamphaidae","bigscale unident.","bigscale_unident.","Melamphaidae"
"Poromitra crassiceps","crested bigscale","crested_bigscale","Poromitra_crassiceps"
"Melamphaes lugubris","highsnout bigscale","highsnout_bigscale","Melamphaes_lugubris"
"Allocyttus folletti","oxeye oreo","oxeye_oreo","Allocyttus_folletti"
"Melanostomiinae","scaleless dragonfish unident.","scaleless_dragonfish_unident.","Melanostomiinae"
"Tactostoma macropus","longfin dragonfish","longfin_dragonfish","Tactostoma_macropus"
"Bathophilus flemingi","highfin dragonfish","highfin_dragonfish","Bathophilus_flemingi"
"Borostomias panamensis","","","Borostomias_panamensis"
"Caristius macropus","manefish","manefish","Caristius_macropus"
"Merluccius productus","Pacific hake","Pacific_hake","Merluccius_productus"
"Anotopterus nikparini","North Pacific daggertooth","North_Pacific_daggertooth","Anotopterus_nikparini"
"Mola mola","ocean sunfish","ocean_sunfish","Mola_mola"
"Scopelengys tristis","blackchin","blackchin","Scopelengys_tristis"
"Myctophidae","lanternfish unident.","lanternfish_unident.","Myctophidae"
"Stenobrachius","","","Stenobrachius"
"Stenobrachius leucopsarus","northern lampfish","northern_lampfish","Stenobrachius_leucopsarus"
"Stenobrachius nannochir","garnet lampfish","garnet_lampfish","Stenobrachius_nannochir"
"Diaphus","","","Diaphus"
"Diaphus theta","California headlightfish","California_headlightfish","Diaphus_theta"
"Lampanyctus","","","Lampanyctus"
"Lampanyctus ritteri","broadfin lanternfish","broadfin_lanternfish","Lampanyctus_ritteri"
"Lampanyctus regalis","pinpoint lampfish","pinpoint_lampfish","Lampanyctus_regalis"
"Lampanyctus jordani","brokenline lampfish","brokenline_lampfish","Lampanyctus_jordani"
"Ceratoscopelus townsendi","dogtooth lampfish","dogtooth_lampfish","Ceratoscopelus_townsendi"
"Hygophum reinhardtii","slender lanternfish","slender_lanternfish","Hygophum_reinhardtii"
"Notoscopelus resplendens","patchwork lampfish","patchwork_lampfish","Notoscopelus_resplendens"
"Protomyctophum crockeri","California flashlightfish","California_flashlightfish","Protomyctophum_crockeri"
"Protomyctophum","","","Protomyctophum"
"Protomyctophum thompsoni","northern flashlightfish","northern_flashlightfish","Protomyctophum_thompsoni"
"Tarletonbeania","","","Tarletonbeania"
"Tarletonbeania crenularis","blue lanternfish","blue_lanternfish","Tarletonbeania_crenularis"
"Symbolophorus californiensis","California lanternfish","California_lanternfish","Symbolophorus_californiensis"
"Nemichthyidae","snipe eel unident.","snipe_eel_unident.","Nemichthyidae"
"Nemichthys scolopaceus","slender snipe eel","slender_snipe_eel","Nemichthys_scolopaceus"
"Avocettina","","","Avocettina"
"Avocettina infans","blackline snipe eel","blackline_snipe_eel","Avocettina_infans"
"Nemichthys larseni","pale snipe eel","pale_snipe_eel","Nemichthys_larseni"
"Leptocephalus","eel larva unid.","eel_larva_unid.","Leptocephalus"
"Serrivomer sector","sawtooth eel","sawtooth_eel","Serrivomer_sector"
"Linophrynidae","","","Linophrynidae"
"Notacanthidae","deep-sea spiny eel unident.","deep-sea_spiny_eel_unident.","Notacanthidae"
"Polyacanthonotus challengeri","","","Polyacanthonotus_challengeri"
"Notacanthus chemnitzii","snubnosed spiny eel","snubnosed_spiny_eel","Notacanthus_chemnitzii"
"Oneirodidae","dreamer unident.","dreamer_unident.","Oneirodidae"
"Oneirodes","","","Oneirodes"
"Oneirodes acanthias","spiny dreamer","spiny_dreamer","Oneirodes_acanthias"
"Oneirodes bulbosus","bulbous dreamer","bulbous_dreamer","Oneirodes_bulbosus"
"Oneirodes thompsoni","","","Oneirodes_thompsoni"
"Chaenophryne longiceps","","","Chaenophryne_longiceps"
"Chaenophryne melanorhabdus","","","Chaenophryne_melanorhabdus"
"Chaenophryne draco","smooth dreamer","smooth_dreamer","Chaenophryne_draco"
"Gigantactis vanhoeffeni","whipnose","whipnose","Gigantactis_vanhoeffeni"
"Gigantactis microdontis","","","Gigantactis_microdontis"
"Caulophryne jordani","fanfin angler","fanfin_angler","Caulophryne_jordani"
"Paralepididae","barracudina or daggertooth unident.","barracudina_or_daggertooth_unident.","Paralepididae"
"Magnisudis atlantica","duckbill barracudina","duckbill_barracudina","Magnisudis_atlantica"
"Lestidiops ringens","slender barracudina","slender_barracudina","Lestidiops_ringens"
"Arctozenus risso","white barracudina","white_barracudina","Arctozenus_risso"
"Osmeridae","smelt unident.","smelt_unident.","Osmeridae"
"Thaleichthys pacificus","eulachon","eulachon","Thaleichthys_pacificus"
"Hypomesus pretiosus","surf smelt","surf_smelt","Hypomesus_pretiosus"
"Allosmerus elongatus","whitebait smelt","whitebait_smelt","Allosmerus_elongatus"
"Mallotus villosus","capelin","capelin","Mallotus_villosus"
"Osmerus mordax","rainbow smelt","rainbow_smelt","Osmerus_mordax"
"Spirinchus starksi","night smelt","night_smelt","Spirinchus_starksi"
"Spirinchus thaleichthys","longfin smelt","longfin_smelt","Spirinchus_thaleichthys"
"Hypomesus olidus","pond smelt","pond_smelt","Hypomesus_olidus"
"Salmonidae","salmon or trout unident.","salmon_or_trout_unident.","Salmonidae"
"Oncorhynchus","salmon unident.","salmon_unident.","Oncorhynchus"
"Oncorhynchus kisutch","coho salmon","coho_salmon","Oncorhynchus_kisutch"
"Oncorhynchus gorbuscha","pink salmon","pink_salmon","Oncorhynchus_gorbuscha"
"Oncorhynchus keta","chum salmon","chum_salmon","Oncorhynchus_keta"
"Oncorhynchus nerka","sockeye salmon","sockeye_salmon","Oncorhynchus_nerka"
"Salvelinus alpinus","Arctic char","Arctic_char","Salvelinus_alpinus"
"Salvelinus malma","dolly varden","dolly_varden","Salvelinus_malma"
"Oncorhynchus mykiss","steelhead","steelhead","Oncorhynchus_mykiss"
"Coregonus laurettae","Bering cisco","Bering_cisco","Coregonus_laurettae"
"Genyonemus lineatus","white croaker","white_croaker","Genyonemus_lineatus"
"Scombridae","mackerel unident.","mackerel_unident.","Scombridae"
"Scomber japonicus","Pacific chub mackerel","Pacific_chub_mackerel","Scomber_japonicus"
"Cololabis saira","Pacific saury","Pacific_saury","Cololabis_saira"
"Neoscopelus macrolepidotus","glowingfish","glowingfish","Neoscopelus_macrolepidotus"
"Benthalbella dentata","northern pearleye","northern_pearleye","Benthalbella_dentata"
"Scopelosaurus harryi","scaly waryfish","scaly_waryfish","Scopelosaurus_harryi"
"Scopelosaurus","","","Scopelosaurus"
"Alepisaurus ferox","longnose lancetfish","longnose_lancetfish","Alepisaurus_ferox"
"Platytroctidae","tubeshoulder unident.","tubeshoulder_unident.","Platytroctidae"
"Sagamichthys abei","shining tubeshoulder","shining_tubeshoulder","Sagamichthys_abei"
"Mirorictus taningi","striped tubeshoulder","striped_tubeshoulder","Mirorictus_taningi"
"Cryptacanthodes aleutensis","dwarf wrymouth","dwarf_wrymouth","Cryptacanthodes_aleutensis"
"Cryptacanthodes giganteus","giant wrymouth","giant_wrymouth","Cryptacanthodes_giganteus"
"Stichaeidae","prickleback unident.","prickleback_unident.","Stichaeidae"
"Lumpenus","","","Lumpenus"
"Plectobranchus evides","bluebarred prickleback","bluebarred_prickleback","Plectobranchus_evides"
"Eumesogrammus praecisus","fourline snakeblenny","fourline_snakeblenny","Eumesogrammus_praecisus"
"Stichaeus punctatus","Arctic shanny","Arctic_shanny","Stichaeus_punctatus"
"Leptoclinus maculatus","daubed shanny","daubed_shanny","Leptoclinus_maculatus"
"Lumpenus medius","stout eelblenny","stout_eelblenny","Lumpenus_medius"
"Lumpenus fabricii","slender eelblenny","slender_eelblenny","Lumpenus_fabricii"
"Lumpenus sagitta","snake prickleback","snake_prickleback","Lumpenus_sagitta"
"Acantholumpenus mackayi","blackline prickleback","blackline_prickleback","Acantholumpenus_mackayi"
"Lumpenella longirostris","longsnout prickleback","longsnout_prickleback","Lumpenella_longirostris"
"Chirolophis","","","Chirolophis"
"Chirolophis decoratus","decorated warbonnet","decorated_warbonnet","Chirolophis_decoratus"
"Chirolophis snyderi","bearded warbonnet","bearded_warbonnet","Chirolophis_snyderi"
"Poroclinus rothrocki","whitebarred prickleback","whitebarred_prickleback","Poroclinus_rothrocki"
"Chirolophis nugator","mosshead warbonnet","mosshead_warbonnet","Chirolophis_nugator"
"Bryozoichthys lysimus","nutcracker prickleback","nutcracker_prickleback","Bryozoichthys_lysimus"
"Bryozoichthys marjorius","pearly prickleback","pearly_prickleback","Bryozoichthys_marjorius"
"Bryozoichthys","","","Bryozoichthys"
"Anoplarchus purpurescens","high cockscomb","high_cockscomb","Anoplarchus_purpurescens"
"Lycenchelys","","","Lycenchelys"
"Anoplarchus insignis","slender cockscomb","slender_cockscomb","Anoplarchus_insignis"
"Pholidae","gunnel unident.","gunnel_unident.","Pholidae"
"Pholis","","","Pholis"
"Pholis laeta","crescent gunnel","crescent_gunnel","Pholis_laeta"
"Stromateidae","butterfish unident.","butterfish_unident.","Stromateidae"
"Peprilus simillimus","Pacific pompano butterfish","Pacific_pompano_butterfish","Peprilus_simillimus"
"Icichthys lockingtoni","medusafish","medusafish","Icichthys_lockingtoni"
"Trachipterus altivelis","king-of-the-salmon","king-of-the-salmon","Trachipterus_altivelis"
"Desmodema lorum","whiptail ribbonfish unident.","whiptail_ribbonfish_unident.","Desmodema_lorum"
"Trichiuridae","cutlassfish unident.","cutlassfish_unident.","Trichiuridae"
"Benthodesmus pacificus","north Pacific frostfish","north_Pacific_frostfish","Benthodesmus_pacificus"
"Benthodesmus","","","Benthodesmus"
"Aphanopus carbo","black scabbardfish","black_scabbardfish","Aphanopus_carbo"
"Lepidopus xantusi","Pacific scabbardfish","Pacific_scabbardfish","Lepidopus_xantusi"
"Anguilliformes","eel unident.","eel_unident.","Anguilliformes"
"Opisthoproctidae","spookfish unident.","spookfish_unident.","Opisthoproctidae"
"Dolichopteryx","","","Dolichopteryx"
"Dolichopteryx longipes","brownsnout spookfish","brownsnout_spookfish","Dolichopteryx_longipes"
"Macropinna microstoma","barreleye","barreleye","Macropinna_microstoma"
"Bathylychnops","","","Bathylychnops"
"Bathylychnops exilis","javelin spookfish","javelin_spookfish","Bathylychnops_exilis"
"Gigantura indica","","","Gigantura_indica"
"Zaprora silenus","prowfish","prowfish","Zaprora_silenus"
"Zoarcidae","eelpout unident.","eelpout_unident.","Zoarcidae"
"Bothrocara brunneum","twoline eelpout","twoline_eelpout","Bothrocara_brunneum"
"Bothrocara pusillum","Alaska eelpout","Alaska_eelpout","Bothrocara_pusillum"
"Bothrocara sp. 1","roundtail bothrocara","roundtail_bothrocara","Bothrocara_sp._1"
"Bothrocara molle","soft eelpout","soft_eelpout","Bothrocara_molle"
"Lycenchelys crotalinus","snakehead eelpout","snakehead_eelpout","Lycenchelys_crotalinus"
"Lycodes cortezianus","bigfin eelpout","bigfin_eelpout","Lycodes_cortezianus"
"Lycenchelys jordani","shortjaw eelpout","shortjaw_eelpout","Lycenchelys_jordani"
"Lycenchelys camchatica","Kamchatka eelpout","Kamchatka_eelpout","Lycenchelys_camchatica"
"Lycenchelys ratmanovi","","","Lycenchelys_ratmanovi"
"Lycodapus endemoscotus","deepwater eelpout","deepwater_eelpout","Lycodapus_endemoscotus"
"Lycodapus fierasfer","blackmouth eelpout","blackmouth_eelpout","Lycodapus_fierasfer"
"Lycodapus dermatinus","looseskin eelpout","looseskin_eelpout","Lycodapus_dermatinus"
"Lycodapus psarostomatus","","","Lycodapus_psarostomatus"
"Lycodapus pachysoma","stout eelpout","stout_eelpout","Lycodapus_pachysoma"
"Lycodapus mandibularis","pallid eelpout","pallid_eelpout","Lycodapus_mandibularis"
"Lycodes","","","Lycodes"
"Lycodes rossi","threespot eelpout","threespot_eelpout","Lycodes_rossi"
"Lycodes soldatovi","dipline eelpout","dipline_eelpout","Lycodes_soldatovi"
"Lycodes raridens","marbled eelpout","marbled_eelpout","Lycodes_raridens"
"Lycodes palearis","wattled eelpout","wattled_eelpout","Lycodes_palearis"
"Lycodes mucosus","saddled eelpout","saddled_eelpout","Lycodes_mucosus"
"Lycodes concolor","ebony eelpout","ebony_eelpout","Lycodes_concolor"
"Lycodes polaris","Canadian eelpout","Canadian_eelpout","Lycodes_polaris"
"Lycodes turneri","polar eelpout","polar_eelpout","Lycodes_turneri"
"Lycodes diapterus","black eelpout","black_eelpout","Lycodes_diapterus"
"Lycodes brevipes","shortfin eelpout","shortfin_eelpout","Lycodes_brevipes"
"Gymnelus viridis","fish doctor","fish_doctor","Gymnelus_viridis"
"Gymnelus","","","Gymnelus"
"Gymnelus hemifasciatus","halfbarred pout","halfbarred_pout","Gymnelus_hemifasciatus"
"Lycodes pacificus","blackbelly eelpout","blackbelly_eelpout","Lycodes_pacificus"
"Bothrocara","","","Bothrocara"
"Pachycara lepinium","scalynape eelpout","scalynape_eelpout","Pachycara_lepinium"
"Lycodapus","","","Lycodapus"
"Lycodapus poecilus","variform eelpout","variform_eelpout","Lycodapus_poecilus"
"Lycodapus parviceps","smallhead eelpout","smallhead_eelpout","Lycodapus_parviceps"
"Lycodapus grossidens","bigtooth eelpout","bigtooth_eelpout","Lycodapus_grossidens"
"Lyconema barbatum","bearded eelpout","bearded_eelpout","Lyconema_barbatum"
"Melanostigma pammelas","midwater eelpout","midwater_eelpout","Melanostigma_pammelas"
"Puzanovia rubra","coral eelpout","coral_eelpout","Puzanovia_rubra"
"Nalbantichthys elongatus","","","Nalbantichthys_elongatus"
"Gibbonsia metzi","striped kelpfish","striped_kelpfish","Gibbonsia_metzi"
"Acipenseridae","sturgeon unident.","sturgeon_unident.","Acipenseridae"
"Acipenser medirostris","green sturgeon","green_sturgeon","Acipenser_medirostris"
"Malacosteinae","loosejaw unident.","loosejaw_unident.","Malacosteinae"
"Photonectes margarita","","","Photonectes_margarita"
"Aristostomias scintillans","shining loosejaw","shining_loosejaw","Aristostomias_scintillans"
"Neonesthes capensis","","","Neonesthes_capensis"
"Lampris guttatus","opah","opah","Lampris_guttatus"
"Stylephorus chordatus","tube-eye","tube-eye","Stylephorus_chordatus"
"Synodontidae","lizardfish unident.","lizardfish_unident.","Synodontidae"
"Synodus lucioceps","California lizardfish","California_lizardfish","Synodus_lucioceps"
"Facciolella gilbertii","dogface witch eel","dogface_witch_eel","Facciolella_gilbertii"
"Venefica","whipsnout eel unident.","whipsnout_eel_unident.","Venefica"
"Howella sherborni","","","Howella_sherborni"
"Howella brodiei","","","Howella_brodiei"
"Eurypharynx pelecanoides","umbrellamouth gulper","umbrellamouth_gulper","Eurypharynx_pelecanoides"
"Saccopharynx","","","Saccopharynx"
"roundfish unident.","roundfish unident.","roundfish_unident.","roundfish_unident."
"Scorpaenidae","scorpionfish unident.","scorpionfish_unident.","Scorpaenidae"
"Sebastolobus","thornyhead unident.","thornyhead_unident.","Sebastolobus"
"Sebastolobus alascanus","shortspine thornyhead","shortspine_thornyhead","Sebastolobus_alascanus"
"Sebastolobus macrochir","broadfin thornyhead","broadfin_thornyhead","Sebastolobus_macrochir"
"Sebastolobus altivelis","longspine thornyhead","longspine_thornyhead","Sebastolobus_altivelis"
"Adelosebastes latens","Aleutian scorpionfish","Aleutian_scorpionfish","Adelosebastes_latens"
"Sebastes","rockfish unident.","rockfish_unident.","Sebastes"
"Sebastes umbrosus","honeycomb rockfish","honeycomb_rockfish","Sebastes_umbrosus"
"Sebastes aleutianus","rougheye rockfish","rougheye_rockfish","Sebastes_aleutianus"
"Sebastes alutus","Pacific ocean perch","Pacific_ocean_perch","Sebastes_alutus"
"Sebastes atrovirens","kelp rockfish","kelp_rockfish","Sebastes_atrovirens"
"Sebastes auriculatus","brown rockfish","brown_rockfish","Sebastes_auriculatus"
"Sebastes aurora","aurora rockfish","aurora_rockfish","Sebastes_aurora"
"Sebastes brevispinis","silvergray rockfish","silvergray_rockfish","Sebastes_brevispinis"
"Sebastes carnatus","gopher rockfish","gopher_rockfish","Sebastes_carnatus"
"Sebastes caurinus","copper rockfish","copper_rockfish","Sebastes_caurinus"
"Sebastes chlorostictus","greenspotted rockfish","greenspotted_rockfish","Sebastes_chlorostictus"
"Sebastes ciliatus","dark (dusky) rockfish","dark_(dusky)_rockfish","Sebastes_ciliatus"
"Sebastes variabilis","light dusky rockfish","light_dusky_rockfish","Sebastes_variabilis"
"Sebastes chrysomelas","black and yellow rockfish","black_and_yellow_rockfish","Sebastes_chrysomelas"
"Sebastes constellatus","starry rockfish","starry_rockfish","Sebastes_constellatus"
"Sebastes crameri","darkblotched rockfish","darkblotched_rockfish","Sebastes_crameri"
"Sebastes dalli","calico rockfish","calico_rockfish","Sebastes_dalli"
"Sebastes diploproa","splitnose rockfish","splitnose_rockfish","Sebastes_diploproa"
"Sebastes elongatus","greenstriped rockfish","greenstriped_rockfish","Sebastes_elongatus"
"Sebastes emphaeus","Puget Sound rockfish","Puget_Sound_rockfish","Sebastes_emphaeus"
"Sebastes entomelas","widow rockfish","widow_rockfish","Sebastes_entomelas"
"Sebastes eos","pink rockfish","pink_rockfish","Sebastes_eos"
"Sebastes flavidus","yellowtail rockfish","yellowtail_rockfish","Sebastes_flavidus"
"Sebastes gilli","bronzespotted rockfish","bronzespotted_rockfish","Sebastes_gilli"
"Sebastes goodei","chilipepper","chilipepper","Sebastes_goodei"
"Sebastes helvomaculatus","rosethorn rockfish","rosethorn_rockfish","Sebastes_helvomaculatus"
"Sebastes hopkinsi","squarespot rockfish","squarespot_rockfish","Sebastes_hopkinsi"
"Sebastes jordani","shortbelly rockfish","shortbelly_rockfish","Sebastes_jordani"
"Sebastes lentiginosus","freckled rockfish","freckled_rockfish","Sebastes_lentiginosus"
"Sebastes levis","cowcod","cowcod","Sebastes_levis"
"Sebastes macdonaldi","Mexican rockfish","Mexican_rockfish","Sebastes_macdonaldi"
"Sebastes maliger","quillback rockfish","quillback_rockfish","Sebastes_maliger"
"Sebastes melanops","black rockfish","black_rockfish","Sebastes_melanops"
"Sebastes melanostomus","blackgill rockfish","blackgill_rockfish","Sebastes_melanostomus"
"Sebastes miniatus","vermilion rockfish","vermilion_rockfish","Sebastes_miniatus"
"Sebastes mystinus","blue rockfish","blue_rockfish","Sebastes_mystinus"
"Sebastes nebulosus","China rockfish","China_rockfish","Sebastes_nebulosus"
"Sebastes nigrocinctus","tiger rockfish","tiger_rockfish","Sebastes_nigrocinctus"
"Sebastes ovalis","speckled rockfish","speckled_rockfish","Sebastes_ovalis"
"Sebastes paucispinis","bocaccio","bocaccio","Sebastes_paucispinis"
"Sebastes pinniger","canary rockfish","canary_rockfish","Sebastes_pinniger"
"Sebastes polyspinis","northern rockfish","northern_rockfish","Sebastes_polyspinis"
"Sebastes proriger","redstripe rockfish","redstripe_rockfish","Sebastes_proriger"
"Sebastes rastrelliger","grass rockfish","grass_rockfish","Sebastes_rastrelliger"
"Sebastes rosaceus","rosy rockfish","rosy_rockfish","Sebastes_rosaceus"
"Sebastes ruberrimus","yelloweye rockfish","yelloweye_rockfish","Sebastes_ruberrimus"
"Sebastes babcocki","redbanded rockfish","redbanded_rockfish","Sebastes_babcocki"
"Sebastes rubrivinctus","flag rockfish","flag_rockfish","Sebastes_rubrivinctus"
"Sebastes saxicola","stripetail rockfish","stripetail_rockfish","Sebastes_saxicola"
"Sebastes semicinctus","halfbanded rockfish","halfbanded_rockfish","Sebastes_semicinctus"
"Sebastes serranoides","olive rockfish","olive_rockfish","Sebastes_serranoides"
"Sebastes serriceps","tree rockfish","tree_rockfish","Sebastes_serriceps"
"Sebastes variegatus","harlequin rockfish","harlequin_rockfish","Sebastes_variegatus"
"Sebastes wilsoni","pygmy rockfish","pygmy_rockfish","Sebastes_wilsoni"
"Sebastes zacentrus","sharpchin rockfish","sharpchin_rockfish","Sebastes_zacentrus"
"Sebastes phillipsi","chameleon rockfish","chameleon_rockfish","Sebastes_phillipsi"
"Sebastes rufus","bank rockfish","bank_rockfish","Sebastes_rufus"
"Sebastes borealis","shortraker rockfish","shortraker_rockfish","Sebastes_borealis"
"Sebastes reedi","yellowmouth rockfish","yellowmouth_rockfish","Sebastes_reedi"
"Sebastes rosenblatti","greenblotched rockfish","greenblotched_rockfish","Sebastes_rosenblatti"
"Sebastes simulator","pinkrose rockfish","pinkrose_rockfish","Sebastes_simulator"
"Sebastomus","","","Sebastomus"
"Scorpaena guttata","California scorpionfish","California_scorpionfish","Scorpaena_guttata"
"Prionotus stephanophrys","lumptail searobin","lumptail_searobin","Prionotus_stephanophrys"
"Dasyatidae","whiptail stingray unident.","whiptail_stingray_unident.","Dasyatidae"
"Pteroplatytrygon violacea","pelagic stingray","pelagic_stingray","Pteroplatytrygon_violacea"
"Myliobatidae","eagle ray or manta unident.","eagle_ray_or_manta_unident.","Myliobatidae"
"Myliobatis californica","bat ray","bat_ray","Myliobatis_californica"
"Hydrolagus","black chimaera","black_chimaera","Hydrolagus"
"Rhinochimaeridae","longnose chimaera unident.","longnose_chimaera_unident.","Rhinochimaeridae"
"Harriotta raleighana","longnose chimaera","longnose_chimaera","Harriotta_raleighana"
"Rhinobatidae","guitarfish unident.","guitarfish_unident.","Rhinobatidae"
"Rhinobatos productus","shovelnose guitarfish","shovelnose_guitarfish","Rhinobatos_productus"
"Zapteryx exasperata","banded guitarfish","banded_guitarfish","Zapteryx_exasperata"
"Platyrhinidae","thornback ray unident.","thornback_ray_unident.","Platyrhinidae"
"Platyrhinoidis triseriata","thornback ray","thornback_ray","Platyrhinoidis_triseriata"
"Myxine circifrons","Whitefaced Hagfish","Whitefaced_Hagfish","Myxine_circifrons"
"Scorpaenodes xyris","Rainbow Scorpionfish","Rainbow_Scorpionfish","Scorpaenodes_xyris"
"Sebastes ensifer","swordspine rockfish","swordspine_rockfish","Sebastes_ensifer"
"Sciaenidae","drum or croaker unident.","drum_or_croaker_unident.","Sciaenidae"
"Seriphus politus","Queenfish","Queenfish","Seriphus_politus"
"Atractoscion nobilis","white seabass","white_seabass","Atractoscion_nobilis"
"Cheilotrema saturnum","black croaker","black_croaker","Cheilotrema_saturnum"
"Myxine hubbsi","","","Myxine_hubbsi"
"Lampetra ayresii","west river lamprey","west_river_lamprey","Lampetra_ayresii"
"Chlamydoselachidae","frill shark unident.","frill_shark_unident.","Chlamydoselachidae"
"Chlamydoselachus anguineus","frill shark ","frill_shark_","Chlamydoselachus_anguineus"
"Hexanchidae","cow shark unident.","cow_shark_unident.","Hexanchidae"
"Notorynchus cepedianus","broadnose sevengill shark","broadnose_sevengill_shark","Notorynchus_cepedianus"
"Echinorhinidae","bramble shark unident.","bramble_shark_unident.","Echinorhinidae"
"Echinorhinus cookei","prickly shark","prickly_shark","Echinorhinus_cookei"
"Squalidae","dogfish shark unident.","dogfish_shark_unident.","Squalidae"
"Heterodontidae","bullhead shark unident.","bullhead_shark_unident.","Heterodontidae"
"Heterodontus francisci","horn shark","horn_shark","Heterodontus_francisci"
"Odontaspididae","sand tiger shark unident.","sand_tiger_shark_unident.","Odontaspididae"
"Odontaspis ferox","ragged-tooth shark","ragged-tooth_shark","Odontaspis_ferox"
"Alopiidae","thresher shark unident.","thresher_shark_unident.","Alopiidae"
"Alopias pelagicus","pelagic thresher","pelagic_thresher","Alopias_pelagicus"
"Alopias superciliosus","bigeye thresher","bigeye_thresher","Alopias_superciliosus"
"Lamnidae","mackerel shark unident.","mackerel_shark_unident.","Lamnidae"
"Isurus oxyrinchus","shortfin mako","shortfin_mako","Isurus_oxyrinchus"
"Triakidae","smoothhound unident.","smoothhound_unident.","Triakidae"
"Mustelus lunulatus","sicklefin smoothhound","sicklefin_smoothhound","Mustelus_lunulatus"
"Carcharhinidae","requiem shark unident.","requiem_shark_unident.","Carcharhinidae"
"Squatinidae","angel shark unident.","angel_shark_unident.","Squatinidae"
"Arhynchobatidae","softnose skates","softnose_skates","Arhynchobatidae"
"Bathyraja microtrachys","Fine-Spined Skate","Fine-Spined_Skate","Bathyraja_microtrachys"
"Urolophidae","round stingray unident.","round_stingray_unident.","Urolophidae"
"Urobatis halleri","round stingray","round_stingray","Urobatis_halleri"
"Dasyatis dipterura","diamond stingray","diamond_stingray","Dasyatis_dipterura"
"Gymnuridae","butterfly ray unident.","butterfly_ray_unident.","Gymnuridae"
"Gymnura marmorata","California butterfly ray","California_butterfly_ray","Gymnura_marmorata"
"Torpedinidae","torpedo electric ray unident.","torpedo_electric_ray_unident.","Torpedinidae"
"Chimaeridae","snortnose chimaera unident. ","snortnose_chimaera_unident._","Chimaeridae"
"Nettastomatidae","duckbilled eel unident.","duckbilled_eel_unident.","Nettastomatidae"
"Venefica tentaculata","","","Venefica_tentaculata"
"Serrivomeridae","sawtooth eel unident.","sawtooth_eel_unident.","Serrivomeridae"
"Serrivomer jesperseni","crossthroat snipe eel","crossthroat_snipe_eel","Serrivomer_jesperseni"
"Eurypharyngidae","Umbrellamouth Gulpers","Umbrellamouth_Gulpers","Eurypharyngidae"
"Saccopharyngidae","whiptail gulpers unident.","whiptail_gulpers_unident.","Saccopharyngidae"
"Clupeidae","herring unident.","herring_unident.","Clupeidae"
"Engraulidae","anchovy unident.","anchovy_unident.","Engraulidae"
"Oncorhynchus clarkii clarkii","coastal cutthroat trout","coastal_cutthroat_trout","Oncorhynchus_clarkii_clarkii"
"Salvelinus confluentus","bull trout","bull_trout","Salvelinus_confluentus"
"Salvelinus fontinalis","brook trout","brook_trout","Salvelinus_fontinalis"
"Salmo trutta","Brown Trout","Brown_Trout","Salmo_trutta"
"Salmo salar","Atlantic Salmon","Atlantic_Salmon","Salmo_salar"
"Microstomatidae","pencilsmelt unident.","pencilsmelt_unident.","Microstomatidae"
"Astronesthinae","snaggletooth unident.","snaggletooth_unident.","Astronesthinae"
"Idiacanthinae","black dragonfishes","black_dragonfishes","Idiacanthinae"
"Alepisauridae","lancetfish unident.","lancetfish_unident.","Alepisauridae"
"Scopelarchidae","pearleye unident.","pearleye_unident.","Scopelarchidae"
"Benthalbella linguidens","longfin pearleye","longfin_pearleye","Benthalbella_linguidens"
"Neoscopelidae","blackchin unident.","blackchin_unident.","Neoscopelidae"
"Merlucciidae","merluccid hake unident.","merluccid_hake_unident.","Merlucciidae"
"Melanonidae","arrowtail unident.","arrowtail_unident.","Melanonidae"
"Bythitidae","viviparous brotula unident.","viviparous_brotula_unident.","Bythitidae"
"Pachycara gymninium","nakednape eelpout","nakednape_eelpout","Pachycara_gymninium"
"Pachycara bulbiceps","snubnose eelpout","snubnose_eelpout","Pachycara_bulbiceps"
"Maynea californica","persimmon eelpout","persimmon_eelpout","Maynea_californica"
"Derepodichthys alepidotus","cuskpout","cuskpout","Derepodichthys_alepidotus"
"Batrachoididae","toadfish unident.","toadfish_unident.","Batrachoididae"
"Porichthys myriaster","speckledfin midshipmen","speckledfin_midshipmen","Porichthys_myriaster"
"Melanocetidae","blackdevil unident.","blackdevil_unident.","Melanocetidae"
"Scomberesocidae","saury unident.","saury_unident.","Scomberesocidae"
"Atherinopsis californiensis","jacksmelt","jacksmelt","Atherinopsis_californiensis"
"Luvaridae","louvar unident.","louvar_unident.","Luvaridae"
"Luvarus imperialis","louvar","louvar","Luvarus_imperialis"
"Lamprididae","opah unident.","opah_unident.","Lamprididae"
"Lampris immaculatus","southern opah","southern_opah","Lampris_immaculatus"
"Trachipteridae","ribbonfish unident.","ribbonfish_unident.","Trachipteridae"
"Tetragonuridae","squartail unident.","squartail_unident.","Tetragonuridae"
"Tetragonurus cuvieri","smalleye squaretail","smalleye_squaretail","Tetragonurus_cuvieri"
"Anoplogastridae","fangtooth unident.","fangtooth_unident.","Anoplogastridae"
"Barbourisiidae","velvet whalefish unident.","velvet_whalefish_unident.","Barbourisiidae"
"Barbourisia rufa","velvet whalefish","velvet_whalefish","Barbourisia_rufa"
"Rondeletiidae","redmouthed whalefish unident.","redmouthed_whalefish_unident.","Rondeletiidae"
"Oreosomatidae","oreo unident.","oreo_unident.","Oreosomatidae"
"Caristiidae","manefish unident.","manefish_unident.","Caristiidae"
"Sebastes moseri","whitespotted rockfish","whitespotted_rockfish","Sebastes_moseri"
"Sebastes notius","Guadalupe Rockfish","Guadalupe_Rockfish","Sebastes_notius"
"Sebastes exsul","Buccaneer Rockfish","Buccaneer_Rockfish","Sebastes_exsul"
"Triglidae","searobin unident.","searobin_unident.","Triglidae"
"Bellator xenisma","splitnose searobin","splitnose_searobin","Bellator_xenisma"
"Anoplopomatidae","sablefish unident.","sablefish_unident.","Anoplopomatidae"
"Erilepis zonifer","skilfish","skilfish","Erilepis_zonifer"
"Zaniolepidinae","combfish unident.","combfish_unident.","Zaniolepidinae"
"Synchirus gilli","manacled sculpin","manacled_sculpin","Synchirus_gilli"
"Ascelichthys rhodorus","Rosylip Sculpin","Rosylip_Sculpin","Ascelichthys_rhodorus"
"Radulinus boleoides","darter sculpin","darter_sculpin","Radulinus_boleoides"
"Radulinus vinculus","smoothgum sculpin","smoothgum_sculpin","Radulinus_vinculus"
"Radulinus taylori","spinynose sculpin","spinynose_sculpin","Radulinus_taylori"
"Hypsagonus mozinoi","kelp Poacher","kelp_Poacher","Hypsagonus_mozinoi"
"Agonopsis sterletus","southern spearnose poacher","southern_spearnose_poacher","Agonopsis_sterletus"
"Bothragonus swanii","rockhead","rockhead","Bothragonus_swanii"
"Percichthyidae","temperate bass unident.","temperate_bass_unident.","Percichthyidae"
"Serranidae","sea bass unident.","sea_bass_unident.","Serranidae"
"Epinephelus analogus","spotted cabrilla","spotted_cabrilla","Epinephelus_analogus"
"Paralabrax maculatofasciatus","spotted sand bass","spotted_sand_bass","Paralabrax_maculatofasciatus"
"Paralabrax auroguttatus","goldspotted sand bass","goldspotted_sand_bass","Paralabrax_auroguttatus"
"Paralabrax clathratus","kelp bass","kelp_bass","Paralabrax_clathratus"
"Malacanthidae","tilefish unident.","tilefish_unident.","Malacanthidae"
"Caulolatilus princeps","ocean whitefish","ocean_whitefish","Caulolatilus_princeps"
"Caulolatilus hubbsi","enigmatic tilefish","enigmatic_tilefish","Caulolatilus_hubbsi"
"Carangidae","jack unident.","jack_unident.","Carangidae"
"Decapterus scombrinus","Mexican scad","Mexican_scad","Decapterus_scombrinus"
"Haemulidae","grunt unident.","grunt_unident.","Haemulidae"
"Anisotremus davidsonii","sargo","sargo","Anisotremus_davidsonii"
"Kyphosidae","sea chub unident.","sea_chub_unident.","Kyphosidae"
"Girella nigricans","opaleye","opaleye","Girella_nigricans"
"Hermosilla azurea","zebraperch","zebraperch","Hermosilla_azurea"
"Amphistichus koelzi","calico surfperch","calico_surfperch","Amphistichus_koelzi"
"Cymatogaster gracilis","island surfperch","island_surfperch","Cymatogaster_gracilis"
"Micrometrus aurora","reef perch","reef_perch","Micrometrus_aurora"
"Micrometrus minimus","dwarf perch","dwarf_perch","Micrometrus_minimus"
"Embiotoca jacksoni","black perch","black_perch","Embiotoca_jacksoni"
"Hypsurus caryi","rainbow seaperch","rainbow_seaperch","Hypsurus_caryi"
"Hyperprosopon ellipticum","silver surfperch","silver_surfperch","Hyperprosopon_ellipticum"
"Phanerodon furcatus","white seaperch","white_seaperch","Phanerodon_furcatus"
"Phanerodon atripes","sharpnose seaperch","sharpnose_seaperch","Phanerodon_atripes"
"Sphyraenidae","barracuda unident.","barracuda_unident.","Sphyraenidae"
"Sphyraena argentea","California barracuda","California_barracuda","Sphyraena_argentea"
"Trichodontidae","sandfishes unident.","sandfishes_unident.","Trichodontidae"
"Uranoscopidae","stargazer unident.","stargazer_unident.","Uranoscopidae"
"Kathetostoma averruncus","smooth stargazer","smooth_stargazer","Kathetostoma_averruncus"
"Cryptacanthodidae","wrymouth unident.","wrymouth_unident.","Cryptacanthodidae"
"Apodichthys flavidus","penpoint gunnel","penpoint_gunnel","Apodichthys_flavidus"
"Pholis clemensi","longfin gunnel","longfin_gunnel","Pholis_clemensi"
"Pholis ornata","saddleback gunnel","saddleback_gunnel","Pholis_ornata"
"Anarhichadidae","wolffish unident.","wolffish_unident.","Anarhichadidae"
"Zaproridae","prowfish unident.","prowfish_unident.","Zaproridae"
"Ammodytidae","sand lance unident.","sand_lance_unident.","Ammodytidae"
"Trichiurus nitens","Pacific cutlassfish","Pacific_cutlassfish","Trichiurus_nitens"
"Thunnus alalunga","albacore tuna","albacore_tuna","Thunnus_alalunga"
"Centrolophidae","medusafish unident.","medusafish_unident.","Centrolophidae"
"Icosteidae","ragfish unident.","ragfish_unident.","Icosteidae"
"Cynoglossidae","tonguefish unident.","tonguefish_unident.","Cynoglossidae"
"Soleidae","sole unident.","sole_unident.","Soleidae"
"Balistidae","triggerfish unident.","triggerfish_unident.","Balistidae"
"Balistes polylepis","finescale triggerfish","finescale_triggerfish","Balistes_polylepis"
"Melichthys niger","black durgon","black_durgon","Melichthys_niger"
"Xanthichthys mento","redtail triggerfish","redtail_triggerfish","Xanthichthys_mento"
"Molidae","mola unident.","mola_unident.","Molidae"
"Ranzania laevis","slender mola","slender_mola","Ranzania_laevis"
"Sebastes melanostictus","blackspotted rockfish","blackspotted_rockfish","Sebastes_melanostictus"
"Sebastes sp. (crocotulus)","Sunset rockfish","Sunset_rockfish","Sebastes_sp._(crocotulus)"
"Sebastes sp. (miniatus / crocotulus)","vermilion and sunset rockfish","vermilion_and_sunset_rockfish","Sebastes_sp._(miniatus_/_crocotulus)"
"Lepidopus fitchi","Fitchs scabbardfish","Fitchs_scabbardfish","Lepidopus_fitchi"
"Serrivomer","serrivomer unident.","serrivomer_unident.","Serrivomer"
"Aphanopus intermedius","intermediate scabbardfish","intermediate_scabbardfish","Aphanopus_intermedius"
"Neoclinus blanchardi","sarcastic fringehead","sarcastic_fringehead","Neoclinus_blanchardi"
"Scymnodon squamulosus","velvet dogfish","velvet_dogfish","Scymnodon_squamulosus"
"Platytroctes apus","","","Platytroctes_apus"
"Semicossyphus pulcher","California sheephead","California_sheephead","Semicossyphus_pulcher"
"Labridae","wrasse or parrotfish unident.","wrasse_or_parrotfish_unident.","Labridae"
"Halichoeres semicinctus","rock wrasse","rock_wrasse","Halichoeres_semicinctus"
"Oxyjulis californica","senorita","senorita","Oxyjulis_californica"
"Pronotogrammus multifasciatus","threadfin bass","threadfin_bass","Pronotogrammus_multifasciatus"
"Acipenser transmontanus","white sturgeon","white_sturgeon","Acipenser_transmontanus"
"Acantholiparis","","","Acantholiparis"
"Acantholumpenus","","","Acantholumpenus"
"Acipenser","","","Acipenser"
"Adelosebastes","","","Adelosebastes"
"Agonopsis","","","Agonopsis"
"Albatrossia","","","Albatrossia"
"Alepisaurus","","","Alepisaurus"
"Allocareproctus","","","Allocareproctus"
"Allocyttus","","","Allocyttus"
"Allosmerus","","","Allosmerus"
"Alopias","","","Alopias"
"Alosa","","","Alosa"
"Amblyraja","stout skates","stout_skates","Amblyraja"
"Ammodytes","","","Ammodytes"
"Amphistichus","","","Amphistichus"
"Anarhichas","","","Anarhichas"
"Anarrhichthys","","","Anarrhichthys"
"Anisotremus","","","Anisotremus"
"Anoplagonus","","","Anoplagonus"
"Anoplarchus","","","Anoplarchus"
"Anoplogaster","","","Anoplogaster"
"Anoplopoma","","","Anoplopoma"
"Anotopterus","","","Anotopterus"
"Atherinopsis","","","Atherinopsis"
"Antimora","","","Antimora"
"Aphanopus","","","Aphanopus"
"Apodichthys","","","Apodichthys"
"Aptocyclus","","","Aptocyclus"
"Archistes","","","Archistes"
"Arctozenus","","","Arctozenus"
"Argentina","","","Argentina"
"Aristostomias","","","Aristostomias"
"Artedius","","","Artedius"
"Ascelichthys","","","Ascelichthys"
"Aspidophoroides","","","Aspidophoroides"
"Atherinops","","","Atherinops"
"Atractoscion","","","Atractoscion"
"Aulorhynchus","","","Aulorhynchus"
"Bajacalifornia","","","Bajacalifornia"
"Balistes","","","Balistes"
"Barbourisia","","","Barbourisia"
"Bathophilus","","","Bathophilus"
"Bathylaco","","","Bathylaco"
"Bathymaster","","","Bathymaster"
"Bellator","","","Bellator"
"Blepsias","","","Blepsias"
"Bolinia","","","Bolinia"
"Boreogadus","","","Boreogadus"
"Borostomias","","","Borostomias"
"Bothragonus","","","Bothragonus"
"Brama","","","Brama"
"Brosmophycis","","","Brosmophycis"
"Caristius","","","Caristius"
"Caulolatilus","","","Caulolatilus"
"Caulophryne","","","Caulophryne"
"Centroscyllium","","","Centroscyllium"
"Cephaloscyllium","","","Cephaloscyllium"
"Ceratoscopelus","","","Ceratoscopelus"
"Cetorhinus","","","Cetorhinus"
"Chaenophryne","","","Chaenophryne"
"Chauliodus","","","Chauliodus"
"Cheilotrema","","","Cheilotrema"
"Chesnonia","","","Chesnonia"
"Chiasmodon","","","Chiasmodon"
"Chilara","","","Chilara"
"Chitonotus","","","Chitonotus"
"Chlamydoselachus","","","Chlamydoselachus"
"Clidoderma","","","Clidoderma"
"Clinocottus","","","Clinocottus"
"Clupea","","","Clupea"
"Caelorinchus","","","Caelorinchus"
"Cololabis","","","Cololabis"
"Coregonus","","","Coregonus"
"Cryptacanthodes","","","Cryptacanthodes"
"Cryptopsaras","","","Cryptopsaras"
"Crystallichthys","","","Crystallichthys"
"Cymatogaster","","","Cymatogaster"
"Dasyatis","","","Dasyatis"
"Dasycottus","","","Dasycottus"
"Decapterus","","","Decapterus"
"Derepodichthys","","","Derepodichthys"
"Desmodema","","","Desmodema"
"Echinorhinus","","","Echinorhinus"
"Eleginus","","","Eleginus"
"Embassichthys","","","Embassichthys"
"Embiotoca","","","Embiotoca"
"Engraulis","","","Engraulis"
"Eopsetta","","","Eopsetta"
"Epinephelus","","","Epinephelus"
"Erilepis","","","Erilepis"
"Eumesogrammus","","","Eumesogrammus"
"Eurymen","","","Eurymen"
"Eurypharynx","","","Eurypharynx"
"Facciolella","","","Facciolella"
"Gadus","","","Gadus"
"Galeorhinus","","","Galeorhinus"
"Gasterosteus","","","Gasterosteus"
"Genyonemus","","","Genyonemus"
"Gibbonsia","","","Gibbonsia"
"Gigantura","","","Gigantura"
"Gilbertidia","","","Gilbertidia"
"Girella","","","Girella"
"Glyptocephalus","","","Glyptocephalus"
"Gymnura","","","Gymnura"
"Halargyreus","","","Halargyreus"
"Harriotta","","","Harriotta"
"Hemitripterus","","","Hemitripterus"
"Hermosilla","","","Hermosilla"
"Heterodontus","","","Heterodontus"
"Hexanchus","","","Hexanchus"
"Hippoglossina","","","Hippoglossina"
"Hippoglossus","","","Hippoglossus"
"Howella","","","Howella"
"Hygophum","","","Hygophum"
"Hyperprosopon","","","Hyperprosopon"
"Hypomesus","","","Hypomesus"
"Hypsagonus","","","Hypsagonus"
"Hypsopsetta","","","Hypsopsetta"
"Hypsurus","","","Hypsurus"
"Icichthys","","","Icichthys"
"Icosteus","","","Icosteus"
"Idiacanthus","","","Idiacanthus"
"Inopsetta","","","Inopsetta"
"Isopsetta","","","Isopsetta"
"Isurus","","","Isurus"
"Jordania","","","Jordania"
"Kali","","","Kali"
"Kathetostoma","","","Kathetostoma"
"Laemonema","","","Laemonema"
"Lamna","","","Lamna"
"Lampetra","","","Lampetra"
"Lampris","","","Lampris"
"Lamprogrammus","","","Lamprogrammus"
"Lepidopus","","","Lepidopus"
"Leptocottus","","","Leptocottus"
"Lestidiops","","","Lestidiops"
"Limanda","","","Limanda"
"Liopsetta","","","Liopsetta"
"Lipariscus","","","Lipariscus"
"Lumpenella","","","Lumpenella"
"Luvarus","","","Luvarus"
"Lyconema","","","Lyconema"
"Lyopsetta","","","Lyopsetta"
"Macropinna","","","Macropinna"
"Magnisudis","","","Magnisudis"
"Malacocephalus","","","Malacocephalus"
"Mallotus","","","Mallotus"
"Maynea","","","Maynea"
"Medialuna","","","Medialuna"
"Megalocottus","","","Megalocottus"
"Melamphaes","","","Melamphaes"
"Melanocetus","","","Melanocetus"
"Melanonus","","","Melanonus"
"Melanostigma","","","Melanostigma"
"Melichthys","","","Melichthys"
"Merluccius","","","Merluccius"
"Microcottus","","","Microcottus"
"Microgadus","","","Microgadus"
"Micrometrus","","","Micrometrus"
"Microstomus","","","Microstomus"
"Mirorictus","","","Mirorictus"
"Mola","","","Mola"
"Myliobatis","","","Myliobatis"
"Myxine","","","Myxine"
"Nalbantichthys","","","Nalbantichthys"
"Nansenia","","","Nansenia"
"Nautichthys","","","Nautichthys"
"Nectoliparis","","","Nectoliparis"
"Nemichthys","","","Nemichthys"
"Neonesthes","","","Neonesthes"
"Neoscopelus","","","Neoscopelus"
"Nezumia","","","Nezumia"
"Notacanthus","","","Notacanthus"
"Notorynchus","","","Notorynchus"
"Notoscopelus","","","Notoscopelus"
"Occella","","","Occella"
"Odontaspis","","","Odontaspis"
"Odontopyxis","","","Odontopyxis"
"Ophidion","","","Ophidion"
"Ophiodon","","","Ophiodon"
"Osmerus","","","Osmerus"
"Oxylebius","","","Oxylebius"
"Pachycara","","","Pachycara"
"Pachystomias","","","Pachystomias"
"Pallasina","","","Pallasina"
"Paralabrax","","","Paralabrax"
"Paralichthys","","","Paralichthys"
"Paricelinus","","","Paricelinus"
"Parmaturus","","","Parmaturus"
"Parophrys","","","Parophrys"
"Peprilus","","","Peprilus"
"Percis","","","Percis"
"Phanerodon","","","Phanerodon"
"Photonectes","","","Photonectes"
"Physiculus","","","Physiculus"
"Platichthys","","","Platichthys"
"Platyrhinoidis","","","Platyrhinoidis"
"Plectobranchus","","","Plectobranchus"
"Pleurogrammus","","","Pleurogrammus"
"Pleuronectes","","","Pleuronectes"
"Polyacanthonotus","","","Polyacanthonotus"
"Poroclinus","","","Poroclinus"
"Poromitra","","","Poromitra"
"Prionace","","","Prionace"
"Prionotus","","","Prionotus"
"Prognatholiparis","","","Prognatholiparis"
"Psettichthys","","","Psettichthys"
"Pungitius","","","Pungitius"
"Puzanovia","","","Puzanovia"
"Radulinus","","","Radulinus"
"Ranzania","","","Ranzania"
"Rastrinus","","","Rastrinus"
"Rathbunella","","","Rathbunella"
"Reinhardtius","","","Reinhardtius"
"Rhacochilus","Damalichthys","Damalichthys","Rhacochilus"
"Rhamphocottus","","","Rhamphocottus"
"Rhinobatos","","","Rhinobatos"
"Rondeletia","","","Rondeletia"
"Ronquilus","","","Ronquilus"
"Sagamichthys","","","Sagamichthys"
"Salmo","","","Salmo"
"Salvelinus","","","Salvelinus"
"Sardinops","","","Sardinops"
"Scomber","","","Scomber"
"Scopelengys","","","Scopelengys"
"Scorpaena","","","Scorpaena"
"Scorpaenichthys","","","Scorpaenichthys"
"Scorpaenodes","","","Scorpaenodes"
"Seriphus","","","Seriphus"
"Sigmops","","","Sigmops"
"Somniosus","","","Somniosus"
"Sphyraena","","","Sphyraena"
"Spirinchus","","","Spirinchus"
"Squalus","spiny dogfish","spiny_dogfish","Squalus"
"Squatina","","","Squatina"
"Stellerina","","","Stellerina"
"Stichaeus","","","Stichaeus"
"Stomias","","","Stomias"
"Stylephorus","","","Stylephorus"
"Symbolophorus","","","Symbolophorus"
"Symphurus","","","Symphurus"
"Synchirus","","","Synchirus"
"Synodus","","","Synodus"
"Tactostoma","","","Tactostoma"
"Talismania","","","Talismania"
"Tetragonurus","","","Tetragonurus"
"Thaleichthys","","","Thaleichthys"
"Thecopterus","","","Thecopterus"
"Thunnus","","","Thunnus"
"Thyriscus","","","Thyriscus"
"Torpedo","","","Torpedo"
"Trachipterus","","","Trachipterus"
"Trachurus","","","Trachurus"
"Triakis","","","Triakis"
"Trichiurus","","","Trichiurus"
"Trichocottus","","","Trichocottus"
"Trichodon","","","Trichodon"
"Urobatis","","","Urobatis"
"Xanthichthys","","","Xanthichthys"
"Xystreurys","","","Xystreurys"
"Zalembius","","","Zalembius"
"Zaniolepis","","","Zaniolepis"
"Zaprora","","","Zaprora"
"Zapteryx","","","Zapteryx"
"Zesticelus","","","Zesticelus"
"Oncorhynchus clarkii","cutthroat trout","cutthroat_trout","Oncorhynchus_clarkii"
"Rajiformes","","","Rajiformes"
"Elasmobranchii","cartilaginous fishes, rays, sharks","cartilaginous_fishes,_rays,_sharks","Elasmobranchii"
"Osteichthyes","bony fish unident.","bony_fish_unident.","Osteichthyes"
"Actinopterygii","ray finned fish unident.","ray_finned_fish_unident.","Actinopterygii"
"Neopterygii","","","Neopterygii"
"Acanthopterygii","","","Acanthopterygii"
"Teleostei","","","Teleostei"
"Paracanthopterygii","","","Paracanthopterygii"
"Lophiiformes","","","Lophiiformes"
"Stenopterygii","","","Stenopterygii"
"Elopomorpha","","","Elopomorpha"
"Euselachii","","","Euselachii"
"Chondrostei","","","Chondrostei"
"Acipenseriformes","","","Acipenseriformes"
"Acipenseroidei","","","Acipenseroidei"
"Scorpaeniformes","","","Scorpaeniformes"
"Cottoidei","","","Cottoidei"
"Cottoidea","","","Cottoidea"
"Cyclosquamata","","","Cyclosquamata"
"Aulopiformes","","","Aulopiformes"
"Alepisauroidei","","","Alepisauroidei"
"Protacanthopterygii","","","Protacanthopterygii"
"Osmeriformes","","","Osmeriformes"
"Argentinoidei","","","Argentinoidei"
"Alepocephaloidea","","","Alepocephaloidea"
"Lamniformes","","","Lamniformes"
"Perciformes","","","Perciformes"
"Trachinoidei","","","Trachinoidei"
"Zoarcoidei","","","Zoarcoidei"
"Beryciformes","","","Beryciformes"
"Trachichthyoidei","","","Trachichthyoidei"
"Anoplopomatoidei","","","Anoplopomatoidei"
"Argentinoidea","","","Argentinoidea"
"Oreosomatinae","","","Oreosomatinae"
"Alosinae","","","Alosinae"
"Clupeomorpha","","","Clupeomorpha"
"Clupeiformes","","","Clupeiformes"
"Clupeoidei","","","Clupeoidei"
"Atheriniformes","","","Atheriniformes"
"Atherinopsidae","","","Atherinopsidae"
"Atherinopsinae","","","Atherinopsinae"
"Scombroidei","","","Scombroidei"
"Aphanopodinae","","","Aphanopodinae"
"Cyclopteroidea","","","Cyclopteroidea"
"Aptocyclinae","","","Aptocyclinae"
"Labroidei","","","Labroidei"
"Gadiformes","","","Gadiformes"
"Scorpaenoidei","","","Scorpaenoidei"
"Osmeroidei","","","Osmeroidei"
"Osmeroidea","","","Osmeroidea"
"Carcharhiniformes","","","Carcharhiniformes"
"Percoidei","","","Percoidei"
"Zeiformes","","","Zeiformes"
"Zeioidei","","","Zeioidei"
"Acipenserinae","","","Acipenserinae"
"Macrourinae","","","Macrourinae"
"Gasterosteiformes","","","Gasterosteiformes"
"Gasterosteoidei","","","Gasterosteoidei"
"Aulorhynchidae","","","Aulorhynchidae"
"Bathylaconidae","","","Bathylaconidae"
"Bramidae","pomfret unident.","pomfret_unident.","Bramidae"
"Ceratioidea","","","Ceratioidea"
"Caulophrynidae","","","Caulophrynidae"
"Cetorhinidae","","","Cetorhinidae"
"Blennioidei","","","Blennioidei"
"Clinidae","kelp blenny unident.","kelp_blenny_unident.","Clinidae"
"Squaliformes","","","Squaliformes"
"Etmopteridae","","","Etmopteridae"
"Gasterosteidae","stickleback unident.","stickleback_unident.","Gasterosteidae"
"Gigantactinidae","","","Gigantactinidae"
"Giganturoidei","","","Giganturoidei"
"Giganturidae","","","Giganturidae"
"Hemitripteridae","searaven unident.","searaven_unident.","Hemitripteridae"
"Congroidei","","","Congroidei"
"Paralichthyidae","sand flounder unident.","sand_flounder_unident.","Paralichthyidae"
"Pleuronectoidei","","","Pleuronectoidei"
"Psychrolutidae","fathead sculpin unident.","fathead_sculpin_unident.","Psychrolutidae"
"Photichthyoidei","","","Photichthyoidei"
"Engraulinae","","","Engraulinae"
"Gonostomatoidei","","","Gonostomatoidei"
"Sternoptychinae","","","Sternoptychinae"
"Gadinae","","","Gadinae"
"Bythitinae","","","Bythitinae"
"Ophidiiformes","","","Ophidiiformes"
"Bythitoidei","","","Bythitoidei"
"Latilinae","","","Latilinae"
"Scopelomorpha","","","Scopelomorpha"
"Myctophiformes","","","Myctophiformes"
"Lampanyctinae","","","Lampanyctinae"
"Clupeinae","","","Clupeinae"
"Salmoniformes","","","Salmoniformes"
"Coregoninae","","","Coregoninae"
"Ophidioidei","","","Ophidioidei"
"Neobythitinae","","","Neobythitinae"
"Pleuronectinae","","","Pleuronectinae"
"Eopsettinae","","","Eopsettinae"
"Epinephelinae","","","Epinephelinae"
"Agnatha","","","Agnatha"
"Myxini","","","Myxini"
"Myxiniformes","","","Myxiniformes"
"Eptatretinae","","","Eptatretinae"
"Girellinae","","","Girellinae"
"Microstomini","","","Microstomini"
"Epinephelini","","","Epinephelini"
"Howellidae","","","Howellidae"
"Congridae","conger eel unident.","conger_eel_unident.","Congridae"
"Hexanchiformes","","","Hexanchiformes"
"Notorynchidae","","","Notorynchidae"
"Rhamphocottidae","grunt sculpin unident.","grunt_sculpin_unident.","Rhamphocottidae"
"Somniosidae","","","Somniosidae"
"Lampridiomorpha","","","Lampridiomorpha"
"Lampridiformes","","","Lampridiformes"
"Stylephoridae","tube-eye unident.","tube-eye_unident.","Stylephoridae"
"Atherinoidei","","","Atherinoidei"
"Tetraodontiformes","","","Tetraodontiformes"
"Tetraodontoidei","","","Tetraodontoidei"
"Stephanoberyciformes","","","Stephanoberyciformes"
"Cetomimoidea","","","Cetomimoidea"
"Batrachoidiformes","","","Batrachoidiformes"
"Stromateoidei","","","Stromateoidei"
"Holocephali","cartilaginous fishes, chimaeras","cartilaginous_fishes,_chimaeras","Holocephali"
"Holocephalimorpha","","","Holocephalimorpha"
"Chimaeriformes","chimaera unident.","chimaera_unident.","Chimaeriformes"
"Chimaeroidei","","","Chimaeroidei"
"Myliobatiformes","","","Myliobatiformes"
"Saccopharyngiformes","","","Saccopharyngiformes"
"Saccopharyngoidei","","","Saccopharyngoidei"
"Gobioidei","","","Gobioidei"
"Heterodontiformes","","","Heterodontiformes"
"Hexagrammoidei","","","Hexagrammoidei"
"Icosteoidei","","","Icosteoidei"
"Acanthuroidei","","","Acanthuroidei"
"Stephanoberycoidea","","","Stephanoberycoidea"
"Albuliformes","","","Albuliformes"
"Notacanthoidei","","","Notacanthoidei"
"Cephalaspidomorphi","","","Cephalaspidomorphi"
"Petromyzontiformes","","","Petromyzontiformes"
"Rhinobatiformes","","","Rhinobatiformes"
"Beloniformes","","","Beloniformes"
"Belonoidei","","","Belonoidei"
"Scomberesocoidea","","","Scomberesocoidea"
"Squatiniformes","","","Squatiniformes"
"Syngnathoidei","","","Syngnathoidei"
"Synodontoidei","","","Synodontoidei"
"Torpediniformes","","","Torpediniformes"
"Congrinae","","","Congrinae"
"Hippoglossinae","","","Hippoglossinae"
"Hippoglossoidinae","","","Hippoglossoidinae"
"Kyphosinae","","","Kyphosinae"
"Lepidopodinae","","","Lepidopodinae"
"Lyopsettinae","","","Lyopsettinae"
"Merlucciinae","","","Merlucciinae"
"Myctophinae","","","Myctophinae"
"Myxininae","","","Myxininae"
"Ophidiinae","","","Ophidiinae"
"Entosphenus","","","Entosphenus"
"Salmoninae","","","Salmoninae"
"Scombrinae","","","Scombrinae"
"Scorpidinae","","","Scorpidinae"
"Serraninae","","","Serraninae"
"Stomiinae","scaly dragonfish unident.","scaly_dragonfish_unident.","Stomiinae"
"Symphurinae","","","Symphurinae"
"Trichiurinae","","","Trichiurinae"
"Pleuronectini","","","Pleuronectini"
"Isopsettini","","","Isopsettini"
"Psettichthyini","","","Psettichthyini"
"Thunnini","","","Thunnini"
"Chaenopsidae","","","Chaenopsidae"
"Neoclinus","","","Neoclinus"
"Scymnodon","","","Scymnodon"
"Platytroctes","","","Platytroctes"
"Semicossyphus","","","Semicossyphus"
"Halichoeres","","","Halichoeres"
"Oxyjulis","","","Oxyjulis"
"Anthiinae","","","Anthiinae"
"Pronotogrammus","","","Pronotogrammus"
"Sarda","","","Sarda"
"Sarda chiliensis","Pacific bonito","Pacific_bonito","Sarda_chiliensis"
"Sarda chiliensis lineolata","","","Sarda_chiliensis_lineolata"
"Seriola","","","Seriola"
"Seriola lalandi","California yellowtail jack","California_yellowtail_jack","Seriola_lalandi"
"Sebastes sp. (aleutianus / melanostictus)","rougheye and blackspotted rockfish","rougheye_and_blackspotted_rockfish","Sebastes_sp._(aleutianus_/_melanostictus)"
"Isurus paucus","longfin mako","longfin_mako","Isurus_paucus"
"Pteroplatytrygon","","","Pteroplatytrygon"
"Manta birostris","giant manta","giant_manta","Manta_birostris"
"Manta","manta unident.","manta_unident.","Manta"
"Mobula japanica","spinetail mobula","spinetail_mobula","Mobula_japanica"
"Mobula thurstoni","smoothtail mobula","smoothtail_mobula","Mobula_thurstoni"
"Mobula","devil ray unident.","devil_ray_unident.","Mobula"
"Mobulidae","devil rays, mantas","devil_rays,_mantas","Mobulidae"
"Bathyraja interrupta","Bering skate","Bering_skate","Bathyraja_interrupta"
"Hydrolagus melanophasma","Eastern Pacific black ghost shark","Eastern_Pacific_black_ghost_shark","Hydrolagus_melanophasma"
"Exocoetidae","flyingfish unident.","flyingfish_unident.","Exocoetidae"
"Exocoetoidea","","","Exocoetoidea"
"Diretmidae","spinyfin unident.","spinyfin_unident.","Diretmidae"
"Cosmocampus arctus","snubnose pipefish","snubnose_pipefish","Cosmocampus_arctus"
"Cosmocampus","","","Cosmocampus"
"Syngnathus leptorhynchus","bay pipefish","bay_pipefish","Syngnathus_leptorhynchus"
"Syngnathus","seaweed pipefish unident.","seaweed_pipefish_unident.","Syngnathus"
"Syngnathinae","","","Syngnathinae"
"Mugil cephalus","striped mullet","striped_mullet","Mugil_cephalus"
"Mugil","gray mullet unident.","gray_mullet_unident.","Mugil"
"Mugilidae","mullet unident.","mullet_unident.","Mugilidae"
"Mugiliformes","","","Mugiliformes"
"Neoclinus uninotatus","onespot fringehead","onespot_fringehead","Neoclinus_uninotatus"
"Heterostichus rostratus","giant kelpfish","giant_kelpfish","Heterostichus_rostratus"
"Heterostichus","","","Heterostichus"
"Brachyistius frenatus","kelp perch","kelp_perch","Brachyistius_frenatus"
"Brachyistius","","","Brachyistius"
"Chromis punctipinnis","blacksmith","blacksmith","Chromis_punctipinnis"
"Chromis","","","Chromis"
"Hypsypops rubicundus","garibaldi","garibaldi","Hypsypops_rubicundus"
"Hypsypops","","","Hypsypops"
"Pomacentridae","damselfish unident.","damselfish_unident.","Pomacentridae"
"Percichthyidae/Serranidae","bass unident.","bass_unident.","Percichthyidae/Serranidae"
"Coryphaena hippurus","dolphinfish","dolphinfish","Coryphaena_hippurus"
"Coryphaena","","","Coryphaena"
"Coryphaenidae","dolphinfish unident.","dolphinfish_unident.","Coryphaenidae"
"Morone  saxatilis","striped bass","striped_bass","Morone__saxatilis"
"Morone","striped bass unident.","striped_bass_unident.","Morone"
"Moronidae","","","Moronidae"
"Stereolepis gigas","giant sea bass","giant_sea_bass","Stereolepis_gigas"
"Stereolepis","","","Stereolepis"
"Polyprionidae","wreckfish unident.","wreckfish_unident.","Polyprionidae"
"Menticirrhus undulatus","California corbina","California_corbina","Menticirrhus_undulatus"
"Menticirrhus","","","Menticirrhus"
"Roncador stearnsii","spotfin croaker","spotfin_croaker","Roncador_stearnsii"
"Roncador","","","Roncador"
"Umbrina roncador","yellowfin croaker","yellowfin_croaker","Umbrina_roncador"
"Umbrina","","","Umbrina"
"Auxis rochei","bullet mackerel","bullet_mackerel","Auxis_rochei"
"Auxis thazard","frigate mackerel","frigate_mackerel","Auxis_thazard"
"Auxis","frigate mackerel unident.","frigate_mackerel_unident.","Auxis"
"Euthynnus lineatus","black skipjack tuna","black_skipjack_tuna","Euthynnus_lineatus"
"Euthynnus","lesser tuna unident.","lesser_tuna_unident.","Euthynnus"
"Thunnus albacares","yellowfin tuna","yellowfin_tuna","Thunnus_albacares"
"Thunnus obesus","bigeye tuna","bigeye_tuna","Thunnus_obesus"
"Thunnus thynnus","bluefin tuna","bluefin_tuna","Thunnus_thynnus"
"Cebidichthys violaceus","monkeyface prickleback","monkeyface_prickleback","Cebidichthys_violaceus"
"Cebidichthys","","","Cebidichthys"
"flatcheek eelpout","flatcheek eelpout","flatcheek_eelpout","flatcheek_eelpout"
"Icelinus quadriseriatus","yellowchin sculpin","yellowchin_sculpin","Icelinus_quadriseriatus"
"Leiocottus hirundo","lavender sculpin","lavender_sculpin","Leiocottus_hirundo"
"Leiocottus","","","Leiocottus"
"Sebastes melanosema","semaphore rockfish","semaphore_rockfish","Sebastes_melanosema"
"Sebastes rufinanus","dwarf-red rockfish","dwarf-red_rockfish","Sebastes_rufinanus"
"Sebastes sp. (aleutianus / borealis)","shortraker and rougheye rockfish","shortraker_and_rougheye_rockfish","Sebastes_sp._(aleutianus_/_borealis)"
"Phosichthyidae","lightfish unident.","lightfish_unident.","Phosichthyidae"
"Etrumeus teres","round herring","round_herring","Etrumeus_teres"
"Etrumeus","","","Etrumeus"
"Dussumieriini","","","Dussumieriini"
"Dussumieriinae","round herring unident.","round_herring_unident.","Dussumieriinae"
"Anchoa compressa","deepbody anchovy","deepbody_anchovy","Anchoa_compressa"
"Anchoa","common anchovy unident.","common_anchovy_unident.","Anchoa"
"Notosudidae","waryfish unident.","waryfish_unident.","Notosudidae"
"Chlorophthalmoidei","","","Chlorophthalmoidei"
"Ophichthus triserialis","Pacific snake eel","Pacific_snake_eel","Ophichthus_triserialis"
"Ophichthus","","","Ophichthus"
"Ophichthini","","","Ophichthini"
"Ophichthinae","","","Ophichthinae"
"Ophichthidae","snake eel unident.","snake_eel_unident.","Ophichthidae"
"Thalassenchelys coheni","leaf-like eel","leaf-like_eel","Thalassenchelys_coheni"
"Thalassenchelys","","","Thalassenchelys"
"Chlopsidae","false moray unident.","false_moray_unident.","Chlopsidae"
"Gymnothorax mordax","California moray","California_moray","Gymnothorax_mordax"
"Gymnothorax","common moray unident.","common_moray_unident.","Gymnothorax"
"Muraeninae","","","Muraeninae"
"Muraenidae","moray eel unident.","moray_eel_unident.","Muraenidae"
"Coryphaenoides armatus","abyssal  grenadier","abyssal__grenadier","Coryphaenoides_armatus"
"Coryphaenoides leptolepis","ghostly grenadier","ghostly_grenadier","Coryphaenoides_leptolepis"
"Coryphaenoides yaquinae","rough abyssal  grenadier","rough_abyssal__grenadier","Coryphaenoides_yaquinae"
"Zalieutes elater","spotted batfish","spotted_batfish","Zalieutes_elater"
"Zalieutes","","","Zalieutes"
"Ogcocephalidae","batfish unident.","batfish_unident.","Ogcocephalidae"
"Ogcocephalioidea","","","Ogcocephalioidea"
"Grammonus diagrammus","purple brotula","purple_brotula","Grammonus_diagrammus"
"Grammonus","","","Grammonus"
"Osmeridae non-eulachon","non-eulachon smelt unident.","non-eulachon_smelt_unident.","Osmeridae_non-eulachon"
"decomposed fish","decomposed fish","decomposed_fish","decomposed_fish"
"nonspecific egg-case unident.","nonspecific egg-case unident.","nonspecific_egg-case_unident.","nonspecific_egg-case_unident."
"Xiphioidei","","","Xiphioidei"
"Istiophoridae","billfish unident.","billfish_unident.","Istiophoridae"
"Makaira","marlin or blue marlin unident.","marlin_or_blue_marlin_unident.","Makaira"
"Makaira nigricans","blue marlin","blue_marlin","Makaira_nigricans"
"Kajikia","","","Kajikia"
"Kajikia audax","striped marlin","striped_marlin","Kajikia_audax"
"Sebastes sp. (goodei / paucispinis)","chilipepper + bocaccio","chilipepper_+_bocaccio","Sebastes_sp._(goodei_/_paucispinis)"
"Sebastes sp. (miniatus / pinniger)","vermilion and canary rockfish","vermilion_and_canary_rockfish","Sebastes_sp._(miniatus_/_pinniger)"
"Sebastes sp. (melanops / mystinus)","black and blue rockfish","black_and_blue_rockfish","Sebastes_sp._(melanops_/_mystinus)"
"Istiophorus","sailfish unident.","sailfish_unident.","Istiophorus"
"Istiophorus platypterus","sailfish","sailfish","Istiophorus_platypterus"
"Tetrapturus","spearfish unident.","spearfish_unident.","Tetrapturus"
"Tetrapturus angustirostris","shortbill spearfish","shortbill_spearfish","Tetrapturus_angustirostris"
"Katsuwonus","skipjack tuna unident.","skipjack_tuna_unident.","Katsuwonus"
"Katsuwonus pelamis","skipjack tuna","skipjack_tuna","Katsuwonus_pelamis"
"Xiphiidae","swordfish unident.","swordfish_unident.","Xiphiidae"
"Xiphias","","","Xiphias"
"Xiphias gladius","swordfish","swordfish","Xiphias_gladius"
"Scomberomorini","","","Scomberomorini"
"Acanthocybium","teto unident.","teto_unident.","Acanthocybium"
"Acanthocybium solandri","wahoo","wahoo","Acanthocybium_solandri"
"Leptoclinus","","","Leptoclinus"
"Rhizoprionodon longurio","Pacific sharpnose shark","Pacific_sharpnose_shark","Rhizoprionodon_longurio"
"Poromitra curilensis","crested melamphid","crested_melamphid","Poromitra_curilensis"
"Bathyraja mariposa","butterfly skate","butterfly_skate","Bathyraja_mariposa"
"Beringraja binoculata","big skate","big_skate","Beringraja_binoculata"
"Beringraja/Raja","stiff snout skate unident.","stiff_snout_skate_unident.","Beringraja/Raja"
"Diretmus argenteus","spinyfin","spinyfin","Diretmus_argenteus"
"Taractes asper","rough pomfret","rough_pomfret","Taractes_asper"
"Ptilichthys goodei","quillfish","quillfish","Ptilichthys_goodei"
"Pholidae/Stichaeidae","blenny unident.","blenny_unident.","Pholidae/Stichaeidae"
"Glyptocephalus stelleri","blackfin flounder","blackfin_flounder","Glyptocephalus_stelleri"
"Clinocottus embryum","calico sculpin","calico_sculpin","Clinocottus_embryum"
"Clinocottus globiceps","mosshead sculpin","mosshead_sculpin","Clinocottus_globiceps"
"Myoxocephalus scorpius","shorthorn sculpin","shorthorn_sculpin","Myoxocephalus_scorpius"
"Careproctus blacktail snailfish","blacktail snailfish group","blacktail_snailfish_group","Careproctus_blacktail_snailfish"
"Polypera greeni","lobefin snailfish","lobefin_snailfish","Polypera_greeni"
"Sebastes glaucus","gray rockfish","gray_rockfish","Sebastes_glaucus"
"Sebastes sp. (ciliatus / variabilis)","dark (dusky) and dusky rockfish","dark_(dusky)_and_dusky_rockfish","Sebastes_sp._(ciliatus_/_variabilis)"
"Sebastes red rockfish unident.","small red rockfish unident.","small_red_rockfish_unident.","Sebastes_red_rockfish_unident."
"Sebastes dark rockfish","dark rockfish unident.","dark_rockfish_unident.","Sebastes_dark_rockfish"
"Sebastes P.O.P. group","P.O.P. group","P.O.P._group","Sebastes_P.O.P._group"
"Regalecus glesne","oarfish","oarfish","Regalecus_glesne"
"Ceratias holboelli","northern seadevil","northern_seadevil","Ceratias_holboelli"
"Clupeidae/Osmeridae","smelt/herring unident.","smelt/herring_unident.","Clupeidae/Osmeridae"
"Argyropelecus sladeni","silvery hatchetfish","silvery_hatchetfish","Argyropelecus_sladeni"
"Microstomus pacificus","Dover sole","Dover_sole","Microstomus_pacificus"
"Oncorhynchus tshawytscha","Chinook salmon","Chinook_salmon","Oncorhynchus_tshawytscha"
"Rhacochilus toxotes","rubberlip seaperch","rubberlip_seaperch","Rhacochilus_toxotes"
"Opostomias","","","Opostomias"
"Opostomias mitsuii","pitgum lanternfish","pitgum_lanternfish","Opostomias_mitsuii"
"Paraliparis sp. cf. dactylosus (Orr and Baldwin)","bluntnose snailfish","bluntnose_snailfish","Paraliparis_sp._cf._dactylosus_(Orr_and_Baldwin)"
"Nannobrachium","","","Nannobrachium"
"Nannobrachium nigrum","black lanternfish","black_lanternfish","Nannobrachium_nigrum"
"Bertella","","","Bertella"
"Bertella idiomorpha","","","Bertella_idiomorpha"
"Scopelosaurus adleri","Adler waryfish","Adler_waryfish","Scopelosaurus_adleri"
"Holtbyrnia","","","Holtbyrnia"
"Saccopharynx lavenbergi","","","Saccopharynx_lavenbergi"
"Sebastes diaconus","deacon rockfish","deacon_rockfish","Sebastes_diaconus"
